sample_id,Al_pct,Mg_pct,Si_pct,Cu_pct,Zn_pct,Fe_pct,aging_temp_C,aging_time_hr,cooling_rate_Cps,grain_size_um,tensile_strength_MPa,elongation_pct,hardness_HV
1,97.14,1.88,1.09,0.83,4.71,0.217,180.3,4.97,6.24,65.9,369.9,19.32,123.5
2,95.19,2.04,1.22,0.71,4.56,0.247,193.0,20.05,46.92,59.7,394.5,20.19,131.9
3,95.09,1.98,0.78,1.36,2.24,0.356,159.8,8.16,10.22,52.6,367.5,17.27,113.3
4,94.33,1.73,1.35,1.1,3.14,0.399,175.2,4.85,26.68,27.4,361.5,19.1,120.9
5,97.75,0.44,1.47,1.06,1.94,0.292,219.7,4.78,20.48,41.6,285.3,23.03,96.9
6,94.15,0.6,0.74,1.98,4.05,0.37,135.9,14.91,35.78,73.5,351.8,17.33,106.6
7,96.71,0.51,0.23,1.57,0.5,0.153,160.7,8.47,11.21,32.3,295.6,23.13,91.8
8,96.6,0.29,0.37,0.86,0.71,0.328,206.3,20.89,27.01,71.7,295.5,17.48,100.8
9,96.62,2.55,0.48,0.95,3.51,0.085,209.2,13.38,5.34,37.5,395.6,19.48,130.5
10,96.59,0.6,1.07,1.33,3.15,0.347,191.2,20.38,6.14,65.8,346.9,17.4,108.7
11,97.17,2.67,0.3,1.14,0.83,0.434,206.7,9.43,44.71,14.5,416.2,17.4,140.0
12,96.98,1.64,1.08,1.29,1.18,0.071,129.5,8.56,41.36,,331.0,19.23,101.9
13,94.23,2.78,0.81,0.26,4.92,0.573,194.7,17.95,36.09,76.0,400.5,17.18,131.1
14,98.05,1.23,0.11,1.26,1.61,0.35,199.6,19.85,12.55,17.0,364.0,19.34,107.8
15,96.51,1.72,1.32,0.67,3.13,0.379,207.0,6.39,24.32,6.2,431.1,18.05,136.8
16,95.34,1.98,1.22,1.5,0.99,0.272,132.7,18.61,29.55,19.4,357.3,20.89,97.7
17,98.48,1.98,0.2,0.27,2.03,0.052,139.1,19.63,29.92,74.5,319.9,18.58,99.8
18,95.29,1.4,1.04,0.36,4.62,0.401,143.4,19.81,2.51,12.8,390.4,18.93,116.8
19,94.33,0.42,1.4,1.5,3.02,0.346,182.9,2.02,37.79,12.0,332.0,18.84,112.1
20,96.92,2.24,0.6,1.92,2.13,0.566,198.4,18.03,7.39,36.1,370.9,19.29,122.0
21,94.36,1.32,1.49,1.95,3.46,0.354,152.7,13.07,44.79,44.7,382.4,14.02,120.4
22,97.52,2.1,0.3,1.5,2.84,0.563,146.9,21.53,1.9,19.9,391.6,17.53,135.6
23,94.1,1.24,0.35,1.35,2.3,0.466,176.8,5.2,27.76,27.2,304.8,22.15,91.0
24,96.69,1.37,0.33,0.63,0.24,0.168,143.0,21.79,39.27,13.7,324.1,21.65,107.6
25,98.57,1.33,0.38,1.65,0.43,0.352,171.3,6.71,11.28,8.4,344.1,17.77,106.5
26,97.16,1.13,0.89,1.28,1.97,0.16,144.5,16.4,25.66,67.7,323.3,19.47,99.8
27,95.57,0.35,0.9,0.64,0.62,0.226,147.5,8.17,36.07,64.2,250.0,20.88,75.0
28,96.06,2.98,1.47,0.42,3.5,0.278,204.0,3.27,16.93,16.5,394.3,19.75,131.7
29,95.1,2.12,0.52,1.86,4.94,0.139,163.2,20.58,30.92,17.2,431.2,17.57,126.6
30,96.52,0.69,1.04,0.17,1.6,0.565,145.7,12.96,2.39,42.9,273.7,20.33,78.4
31,97.06,2.86,0.32,1.35,1.42,0.28,214.6,14.58,22.67,42.1,363.0,17.62,118.6
32,97.9,2.18,0.29,1.14,2.99,0.09,145.0,16.42,46.59,,382.8,19.47,129.2
33,94.54,2.18,0.67,0.53,4.55,0.531,183.9,8.95,40.64,,399.6,19.66,112.6
34,98.05,1.79,1.0,0.79,2.76,0.243,201.8,22.84,15.02,25.1,381.6,21.0,123.8
35,97.21,2.56,1.06,1.01,2.2,0.08,190.9,2.13,39.07,65.8,345.4,19.89,109.9
36,94.89,1.67,0.86,0.45,1.63,0.117,124.1,17.37,42.8,37.6,318.9,21.92,98.0
37,95.71,1.14,1.17,0.33,4.18,0.535,162.0,7.96,30.48,12.5,384.7,18.66,120.2
38,95.9,2.95,0.75,1.88,4.53,0.316,197.0,9.73,14.4,49.9,430.4,15.53,145.9
39,95.12,0.53,0.5,1.35,4.29,0.564,207.1,16.28,25.68,75.0,328.9,20.4,109.0
40,95.43,2.23,1.05,1.88,1.8,0.122,120.8,4.9,23.12,69.3,334.4,20.68,103.9
41,96.54,2.44,0.66,1.13,2.84,0.422,200.2,12.73,16.51,36.2,392.1,18.36,121.6
42,98.75,1.9,1.24,1.7,0.48,0.283,150.6,8.84,38.11,,336.1,17.85,105.2
43,98.11,0.63,0.16,1.59,3.31,0.113,182.3,14.85,15.28,70.7,316.4,22.5,97.6
44,94.46,1.45,1.49,1.29,3.98,0.369,151.7,2.18,35.31,70.4,335.5,19.51,100.3
45,96.28,0.69,0.57,1.47,1.41,0.382,127.2,7.99,11.84,49.1,300.2,18.51,91.7
46,94.68,2.62,1.28,0.46,4.89,0.551,149.0,12.13,30.87,40.8,404.9,19.36,122.8
47,96.76,2.03,0.4,1.1,3.38,0.211,160.8,14.22,32.7,20.5,380.9,18.75,122.0
48,98.75,2.02,1.0,0.78,1.09,0.244,137.9,10.84,36.72,58.3,779.0,21.72,96.4
49,94.81,0.5,0.18,1.33,2.68,0.494,123.1,15.79,11.91,8.8,314.8,19.87,101.0
50,95.8,2.64,1.13,1.32,4.6,0.217,181.4,7.55,45.63,43.2,425.4,19.8,141.8
51,94.87,1.31,0.97,0.84,3.11,0.087,140.1,12.2,29.87,61.7,328.8,22.37,109.9
52,94.18,1.49,1.07,1.38,3.38,0.395,153.6,7.33,13.34,76.3,342.6,21.21,129.3
53,98.81,2.5,0.78,0.14,3.23,0.178,171.5,8.03,47.99,15.6,395.0,18.77,127.4
54,97.22,0.86,0.11,0.79,0.2,0.306,186.4,16.77,28.96,29.4,308.0,19.14,105.9
55,98.18,0.75,0.1,1.93,1.43,0.203,180.9,21.56,23.12,47.7,336.2,20.55,103.4
56,95.36,2.43,1.33,1.0,4.04,0.233,139.0,21.83,13.5,30.5,400.9,15.09,124.0
57,97.97,1.47,0.99,0.76,1.51,0.368,148.6,16.83,21.06,25.5,343.2,18.7,105.0
58,96.85,2.24,1.43,0.8,4.77,0.213,139.7,6.43,5.12,70.2,397.8,16.45,128.0
59,97.21,0.79,0.51,1.74,1.5,0.583,165.0,20.8,18.12,28.2,339.3,18.41,112.1
60,97.06,1.06,0.42,1.32,1.25,0.275,174.8,6.72,49.98,34.9,323.0,20.5,105.7
61,98.62,2.91,0.8,0.02,3.32,0.114,218.7,21.47,35.09,70.9,396.9,20.55,134.8
62,98.66,2.39,1.12,0.14,4.63,0.515,143.7,21.19,35.52,39.9,412.7,21.09,136.6
63,96.34,0.37,1.36,1.35,2.89,0.599,134.0,15.08,41.24,28.5,310.2,21.65,88.3
64,97.64,2.03,0.15,1.38,0.08,0.513,148.9,13.77,26.96,55.0,299.5,20.44,89.8
65,96.05,2.7,0.11,1.25,4.73,0.168,186.3,10.09,22.68,35.7,431.4,17.21,141.8
66,98.46,2.46,0.69,1.21,3.9,0.583,172.8,2.1,15.88,13.5,396.7,19.43,128.6
67,94.57,1.75,0.36,0.79,2.37,0.359,169.1,13.29,24.72,46.0,329.7,19.35,104.1
68,98.96,1.55,0.14,1.09,4.0,0.22,127.5,4.19,40.14,47.0,320.7,19.95,103.2
69,98.87,0.21,0.23,0.93,1.29,0.117,130.1,8.09,24.31,16.2,278.0,19.04,99.0
70,96.11,1.9,0.35,1.66,3.59,0.122,201.7,19.89,29.86,64.2,380.5,19.04,122.4
71,94.92,0.78,0.5,0.62,0.96,0.112,155.4,8.0,34.27,57.8,287.9,19.73,94.0
72,96.73,0.97,0.73,1.17,2.34,0.308,192.1,21.77,27.95,62.1,338.5,19.65,105.7
73,94.37,1.88,0.77,0.05,2.98,0.109,168.5,8.49,35.61,44.4,358.3,18.75,118.9
74,98.19,2.14,0.62,1.58,0.27,0.087,210.3,5.47,4.58,75.9,342.0,19.84,110.5
75,94.52,2.75,1.34,1.14,1.06,0.306,130.6,3.94,12.99,25.3,351.4,21.31,111.3
76,96.79,1.05,0.44,1.38,4.83,0.598,134.7,12.35,23.55,58.8,344.9,19.73,112.8
77,95.87,2.58,0.91,0.21,2.56,0.08,147.7,17.3,33.04,72.1,355.8,18.99,116.3
78,97.13,1.97,0.99,0.47,0.66,0.44,190.4,4.22,22.57,69.1,311.0,20.87,109.6
79,94.89,2.09,1.08,1.37,4.61,0.542,132.7,15.29,40.74,63.1,386.7,19.04,115.9
80,98.65,2.22,1.33,0.35,3.88,0.278,144.5,12.46,27.07,,373.3,21.25,117.3
81,98.32,1.92,0.65,0.0,2.55,0.513,174.2,23.56,34.41,7.1,395.2,17.44,140.7
82,97.61,0.28,1.03,0.61,1.9,0.514,209.7,19.8,1.73,75.9,265.5,20.1,88.1
83,98.82,2.84,0.71,1.43,1.67,0.446,185.1,17.81,29.96,35.5,398.1,16.66,117.6
84,95.47,1.43,0.78,1.04,0.94,0.259,193.1,19.71,31.39,10.7,352.1,20.05,111.2
85,95.25,2.8,0.13,1.61,1.41,0.066,125.6,12.91,22.26,37.9,365.4,18.59,119.2
86,94.92,0.82,1.45,0.17,4.67,0.464,181.2,3.06,43.15,48.3,307.9,21.67,85.2
87,96.0,1.59,0.6,0.1,2.35,0.493,165.3,2.0,48.8,8.3,361.6,18.99,113.5
88,97.69,1.97,1.09,1.42,2.21,0.381,121.4,23.0,7.82,14.8,383.5,17.31,121.2
89,96.92,0.27,0.85,0.03,2.34,0.255,161.4,9.09,29.87,39.4,276.0,19.18,84.4
90,97.17,2.08,1.35,0.67,1.45,0.103,178.1,10.36,11.48,16.9,382.3,20.96,127.2
91,94.88,2.19,1.37,0.31,0.54,0.296,130.3,21.28,29.21,60.3,310.8,19.41,93.7
92,98.85,2.66,1.43,1.35,0.65,0.503,176.1,4.95,40.56,11.7,407.2,18.29,127.8
93,98.01,1.54,0.16,0.32,0.74,0.234,158.6,13.44,11.75,61.5,284.8,21.18,88.1
94,94.99,2.61,1.45,0.1,0.66,0.218,216.4,8.2,35.21,51.7,367.8,18.91,114.0
95,94.5,1.84,0.21,1.95,2.13,0.415,156.7,7.6,4.26,68.2,331.0,20.87,111.6
96,94.09,2.03,1.08,0.23,4.15,0.091,178.9,6.55,9.89,51.8,362.7,17.89,115.8
97,97.72,1.27,0.8,1.05,1.4,0.207,166.8,10.11,43.52,37.4,316.1,19.13,104.1
98,94.2,0.54,1.2,1.09,1.88,0.46,190.1,23.61,6.32,17.2,356.2,18.83,111.4
99,98.67,1.46,1.3,1.9,4.35,0.457,195.7,13.02,14.19,31.4,396.3,16.98,129.7
100,94.32,0.23,0.31,0.47,0.9,0.192,182.3,22.51,41.17,50.0,271.9,16.35,88.6
101,97.77,2.7,0.37,0.32,1.41,0.521,148.1,12.49,11.64,75.6,329.8,17.25,97.7
102,96.54,1.76,1.03,0.19,0.44,0.302,199.0,21.6,18.32,12.5,820.25,20.79,103.5
103,98.88,1.32,1.23,0.97,0.53,0.294,214.6,13.1,20.18,12.8,338.2,19.88,112.5
104,95.58,0.87,1.4,1.62,3.15,0.415,135.3,17.74,14.01,17.9,355.8,21.75,111.3
105,94.23,0.38,0.78,1.23,4.59,0.516,192.0,23.05,32.44,66.1,322.1,21.71,104.6
106,96.67,1.38,0.19,1.25,3.68,0.365,203.2,15.31,19.47,66.6,349.1,21.57,113.6
107,98.48,1.65,1.47,0.54,1.89,0.539,187.0,20.51,43.42,73.7,342.2,18.43,116.6
108,98.6,2.91,0.57,1.64,1.93,0.451,171.6,3.63,39.42,27.9,398.0,19.26,129.9
109,96.66,2.29,0.24,1.82,0.32,0.339,207.7,20.33,24.21,,367.4,17.72,116.7
110,96.77,1.71,0.91,1.04,2.85,0.527,190.4,13.91,31.01,37.8,364.2,20.84,114.5
111,94.1,1.5,1.3,1.11,4.57,0.227,141.4,17.87,38.7,42.7,383.8,19.86,120.4
112,94.4,1.62,0.54,0.3,0.3,0.185,214.0,11.3,48.98,79.9,297.8,21.24,90.7
113,96.88,1.57,0.11,1.65,2.82,0.355,139.3,2.77,8.97,36.2,318.6,21.33,97.1
114,96.33,1.31,0.27,1.83,3.84,0.527,162.1,8.94,44.67,72.9,371.6,14.97,113.4
115,96.76,0.23,1.1,1.42,1.44,0.372,132.8,2.12,14.73,25.5,283.3,22.97,77.0
116,94.78,0.88,1.29,1.34,3.79,0.406,198.7,21.43,2.45,61.5,308.7,20.85,113.9
117,97.86,2.15,0.42,0.47,1.91,0.572,152.1,6.84,23.31,9.9,376.7,18.62,121.3
118,98.33,1.45,0.41,0.57,4.78,0.09,160.7,7.31,25.18,32.9,360.2,17.23,115.4
119,95.73,2.95,0.6,0.19,1.71,0.167,142.8,21.59,42.09,41.4,383.3,16.58,123.9
120,94.77,2.34,0.53,0.37,1.56,0.504,185.5,21.89,44.43,40.5,358.0,18.23,113.1
121,97.36,0.23,1.1,1.66,0.81,0.198,150.1,22.44,20.48,70.4,300.4,21.76,95.2
122,95.29,2.55,1.46,0.61,1.19,0.363,171.8,9.32,36.65,20.0,388.8,17.4,133.7
123,95.4,1.56,0.67,1.21,0.25,0.261,151.2,17.36,21.42,30.7,297.3,20.29,98.0
124,96.46,2.82,0.81,0.03,2.4,0.155,195.3,4.74,24.38,76.4,381.3,17.65,128.3
125,94.65,1.98,1.03,1.27,0.75,0.571,215.7,10.77,5.75,28.8,346.9,19.56,120.5
126,94.05,2.5,1.1,1.62,3.46,0.47,122.2,23.97,21.06,17.3,427.7,21.09,133.1
127,97.1,0.6,0.91,0.6,2.49,0.147,191.6,10.73,7.4,7.8,352.9,19.02,122.1
128,96.23,1.27,0.91,0.54,0.82,0.392,126.6,2.5,24.22,34.6,260.9,21.03,94.0
129,97.05,1.17,0.21,1.33,3.12,0.332,165.5,19.67,39.83,9.4,399.0,18.09,127.1
130,97.18,2.82,1.17,1.36,2.42,0.447,163.0,8.81,11.54,49.2,385.2,16.68,105.3
131,94.37,0.43,0.8,0.86,0.83,0.334,194.9,4.09,10.93,26.1,281.0,19.92,87.7
132,98.34,2.45,0.87,1.72,0.52,0.564,149.0,6.61,27.18,14.1,376.8,17.95,124.8
133,95.41,1.73,0.39,0.85,4.57,0.539,190.5,9.46,32.08,7.3,416.0,18.46,136.4
134,96.71,2.15,0.68,1.27,0.31,0.288,216.1,3.91,40.39,47.0,331.3,20.71,112.0
135,94.58,0.96,1.44,0.45,0.08,0.33,170.0,11.99,1.15,55.9,276.9,21.37,100.1
136,96.83,2.09,0.37,0.28,1.34,0.413,163.6,19.41,46.5,5.8,411.3,17.25,140.2
137,95.59,0.47,0.71,1.81,4.08,0.072,136.9,4.78,10.13,46.6,312.7,18.06,99.5
138,97.81,1.17,1.03,0.54,2.1,0.568,180.3,11.04,49.26,50.7,330.3,19.1,110.3
139,96.7,0.37,1.11,0.52,1.69,0.42,214.9,20.62,36.2,25.6,305.6,22.73,89.1
140,97.98,1.42,0.82,0.46,2.15,0.157,164.7,5.16,28.19,66.4,323.8,22.68,105.5
141,94.05,2.44,0.33,0.82,2.17,0.223,182.5,18.89,32.55,22.1,415.9,18.83,137.4
142,97.0,1.14,0.4,1.87,1.22,0.464,173.4,4.47,22.33,45.0,326.1,18.19,103.0
143,95.99,0.35,0.13,1.46,3.8,0.581,161.1,7.86,17.04,8.7,361.9,21.09,117.9
144,94.11,0.52,0.17,0.34,2.53,0.318,199.8,9.01,34.29,78.0,301.7,21.4,96.0
145,97.06,0.58,0.56,0.09,4.86,0.224,151.5,19.82,27.72,27.1,331.8,20.59,115.8
146,96.96,2.98,1.29,1.03,2.59,0.334,159.6,15.72,48.65,73.6,418.8,17.25,136.9
147,95.49,0.55,0.48,0.44,0.34,0.249,188.6,19.72,22.27,8.9,317.0,21.44,109.0
148,95.84,0.62,1.37,0.66,3.6,0.252,161.6,20.67,10.72,41.3,349.4,16.34,114.5
149,94.89,1.33,0.38,0.9,1.82,0.458,193.1,18.11,15.38,55.0,311.2,19.11,97.2
150,97.03,0.7,0.94,0.83,0.34,0.241,120.9,19.05,33.78,52.0,258.8,21.3,81.9
151,96.59,2.04,1.05,0.51,1.64,0.586,156.8,12.96,40.49,66.0,336.1,19.57,111.9
152,96.89,1.11,0.57,1.77,0.97,0.164,160.4,9.41,3.69,58.9,310.8,21.26,99.2
153,97.17,2.05,0.87,0.27,3.24,0.418,214.5,2.25,32.36,26.2,344.9,17.41,112.2
154,94.13,1.91,0.76,1.85,0.92,0.347,138.9,7.07,37.35,75.7,303.7,20.32,105.0
155,97.31,1.95,0.52,0.31,1.96,0.467,124.7,17.16,33.94,69.1,320.7,23.21,104.3
156,94.57,1.3,1.34,0.65,1.21,0.166,137.5,18.91,20.25,49.4,297.7,20.18,94.8
157,98.34,2.66,1.1,0.31,2.43,0.086,207.1,12.95,13.9,32.6,373.7,18.71,125.0
158,96.55,1.59,1.5,1.19,4.6,0.207,177.3,15.97,7.16,70.5,368.5,16.34,116.2
159,95.19,0.98,0.21,0.86,0.93,0.125,139.7,18.98,10.67,46.8,284.7,19.81,87.4
160,97.78,0.51,0.48,1.92,4.27,0.465,209.2,15.4,45.17,61.3,370.7,20.23,128.2
161,95.39,2.27,1.22,0.39,4.83,0.378,132.3,13.56,9.43,38.9,366.5,19.86,114.1
162,94.74,2.13,1.27,1.17,2.88,0.556,154.1,9.23,38.37,60.8,348.6,18.89,110.1
163,94.51,2.96,1.01,1.32,1.33,0.541,151.6,13.1,41.33,55.4,386.3,19.7,126.5
164,97.44,1.24,0.74,1.75,2.83,0.376,217.6,5.97,11.78,25.7,345.7,22.17,114.8
165,98.37,0.43,0.97,1.28,0.25,0.106,143.0,7.58,45.41,36.2,272.5,21.61,85.5
166,97.11,2.87,1.13,1.06,3.91,0.535,152.4,3.75,12.88,37.5,413.9,13.5,128.8
167,98.09,0.71,0.39,0.12,2.33,0.33,141.5,11.77,41.23,67.6,266.5,21.92,87.4
168,97.7,0.33,0.51,0.71,0.18,0.325,158.4,14.29,1.25,11.8,270.2,20.45,89.4
169,97.34,2.33,0.92,0.12,3.64,0.22,208.8,18.61,41.62,48.3,384.6,16.92,113.9
170,95.99,1.67,0.86,1.59,2.97,0.261,217.6,14.43,7.75,74.6,355.4,21.06,113.6
171,96.16,2.77,1.02,0.32,3.52,0.182,169.6,14.66,46.83,78.9,402.5,17.57,128.8
172,97.54,1.98,1.23,0.68,0.73,0.473,203.0,4.54,21.9,79.5,300.8,19.71,86.6
173,98.02,0.58,0.44,1.86,4.71,0.396,187.5,12.38,28.35,79.3,369.6,19.41,113.7
174,95.55,1.07,0.1,1.1,3.81,0.311,184.5,19.17,49.09,46.1,364.7,17.32,122.3
175,94.2,0.54,1.2,1.09,1.88,0.46,190.1,23.61,6.32,17.2,356.2,18.83,111.4
176,98.54,2.19,0.38,1.89,4.63,0.12,124.1,5.37,17.96,50.7,363.0,18.71,124.5
177,97.81,1.38,0.52,0.68,3.17,0.448,214.6,15.06,49.59,57.7,356.9,19.84,111.7
178,97.99,2.1,0.22,0.38,1.69,0.465,201.1,5.2,43.98,30.1,341.3,22.06,118.5
179,97.23,2.56,0.21,0.71,4.88,0.124,133.6,6.84,43.8,72.9,374.8,18.44,115.2
180,97.26,0.96,0.45,0.45,2.68,0.271,145.4,23.85,13.34,77.0,294.6,20.56,98.3
181,94.26,0.21,1.15,1.88,0.26,0.46,142.1,19.42,41.21,71.3,261.4,23.52,87.3
182,97.73,2.57,0.5,1.01,2.06,0.148,149.6,8.93,20.74,35.0,359.4,18.19,122.0
183,97.49,2.17,1.17,1.71,4.21,0.353,207.1,22.34,18.52,74.2,411.0,15.74,132.9
184,94.49,1.52,0.58,0.08,2.07,0.531,206.9,2.49,1.91,71.7,285.5,20.11,87.1
185,97.09,2.23,0.3,1.72,0.22,0.199,139.7,16.2,8.55,67.4,331.7,17.58,101.2
186,96.6,1.7,1.26,0.24,3.67,0.234,135.8,8.04,44.55,34.5,342.8,18.43,108.5
187,95.21,1.47,1.1,1.96,3.85,0.13,162.4,16.76,1.98,55.9,384.1,16.71,122.3
188,95.69,0.54,1.27,1.46,0.53,0.359,133.8,19.78,28.72,29.7,277.9,21.21,91.1
189,98.02,1.67,0.13,0.68,1.64,0.412,123.9,23.03,11.54,13.0,357.6,20.25,116.7
190,97.57,0.57,0.38,1.05,0.28,0.477,127.8,4.97,22.49,11.9,268.3,20.7,88.6
191,96.2,1.49,0.13,0.27,2.89,0.093,137.0,15.93,45.66,64.6,331.0,22.02,106.5
192,95.93,1.39,1.44,1.57,4.92,0.37,209.4,19.69,28.71,45.0,407.9,16.68,130.1
193,98.92,1.77,0.34,0.49,3.28,0.285,217.1,11.71,47.7,28.0,364.7,19.72,114.5
194,94.06,1.27,1.35,0.65,0.96,0.412,197.0,22.18,46.88,16.2,333.3,20.65,94.8
195,98.19,0.38,1.04,0.01,3.35,0.079,164.8,22.72,39.47,22.9,325.8,17.59,102.3
196,94.6,1.31,0.5,1.65,1.58,0.28,192.2,19.83,48.39,69.2,356.9,17.84,118.9
197,98.28,2.9,1.33,1.39,0.78,0.545,164.3,14.07,1.44,47.8,360.2,20.37,113.6
198,94.41,1.89,0.56,1.45,1.24,0.419,200.3,9.99,38.07,10.8,374.2,16.94,124.6
199,94.6,2.84,1.13,0.82,0.36,0.197,202.1,12.03,14.07,,370.7,17.53,124.1
200,97.72,1.56,0.69,0.5,3.86,0.435,165.3,13.75,12.12,19.7,372.1,19.75,111.2
201,97.61,1.4,1.33,1.68,4.91,0.299,195.7,19.55,26.14,73.8,392.0,19.04,116.8
202,97.95,0.37,0.42,0.48,2.37,0.306,176.6,23.84,2.4,35.1,315.4,20.22,93.8
203,96.95,0.87,1.4,0.23,2.14,0.128,210.1,8.04,9.84,19.6,312.0,20.1,103.0
204,98.47,2.91,1.17,1.78,3.98,0.166,131.8,15.56,43.8,42.0,430.2,16.36,136.8
205,95.8,0.4,0.75,0.86,0.59,0.226,176.9,2.27,36.23,29.9,273.6,22.98,91.7
206,97.28,2.51,0.33,0.44,1.23,0.276,126.5,3.64,34.99,27.2,322.2,17.8,107.8
207,94.55,0.27,1.02,0.4,4.88,0.112,218.3,7.96,18.89,25.7,307.9,19.95,94.2
208,97.42,1.43,0.83,0.59,2.16,0.097,124.9,15.35,35.45,6.7,370.9,18.12,115.7
209,97.29,1.46,0.78,0.72,0.83,0.155,178.5,13.91,3.45,51.3,322.5,18.51,105.6
210,96.12,0.94,0.37,1.65,3.49,0.287,127.3,2.64,45.28,72.3,323.9,20.92,98.6
211,94.18,1.23,0.13,1.87,2.52,0.363,187.9,14.88,34.0,34.4,354.2,18.55,113.8
212,94.41,2.8,0.62,1.16,1.84,0.341,122.4,3.08,5.89,26.0,359.6,19.5,107.3
213,98.75,1.08,0.14,1.99,3.97,0.439,122.6,14.2,4.18,38.8,334.9,21.88,107.7
214,96.49,1.9,0.65,0.15,0.92,0.547,199.4,18.16,45.49,29.0,338.9,15.95,93.7
215,98.53,0.47,0.44,0.08,0.65,0.14,125.5,4.8,6.37,20.7,252.2,23.66,81.5
216,94.42,1.71,0.65,1.73,4.9,0.198,165.0,14.62,46.18,22.3,419.3,17.43,140.9
217,98.42,1.64,1.5,1.33,0.65,0.577,190.9,14.25,9.12,56.1,343.6,18.51,116.1
218,96.09,1.18,0.43,0.56,0.29,0.136,129.9,10.08,18.8,33.6,271.6,19.56,86.1
219,95.26,1.5,1.17,1.63,2.17,0.249,159.6,16.83,2.62,54.6,361.7,19.62,110.1
220,98.14,1.04,0.92,1.02,2.67,0.134,172.5,20.23,26.71,8.2,384.6,17.96,110.3
221,95.16,2.41,0.48,1.18,3.13,0.312,158.1,18.15,45.35,38.8,399.8,18.18,128.1
222,95.12,0.36,1.14,1.23,3.18,0.243,202.5,4.33,39.09,24.0,342.9,21.64,110.7
223,97.74,1.27,1.2,0.5,1.6,0.449,176.7,16.5,5.47,44.8,303.6,19.66,90.9
224,95.94,0.95,1.49,1.02,3.13,0.272,145.6,23.17,28.45,76.2,346.3,17.2,110.0
225,97.44,2.64,0.44,0.79,1.35,0.286,144.1,22.07,4.68,70.3,363.4,18.6,118.7
226,94.8,1.82,0.74,1.08,2.42,0.441,171.7,10.34,39.97,46.1,361.6,20.29,105.3
227,98.46,1.09,0.59,0.57,1.33,0.079,180.4,5.06,22.15,52.7,266.8,18.31,80.4
228,98.93,2.56,1.16,0.58,2.1,0.062,153.3,20.78,7.9,70.6,359.8,19.25,124.8
229,94.6,2.59,0.72,1.72,2.16,0.373,179.0,8.39,19.05,74.0,379.8,19.27,120.2
230,95.87,2.32,0.58,0.28,0.62,0.407,156.9,12.98,1.94,31.3,316.7,19.5,108.8
231,95.71,2.6,1.27,0.37,0.08,0.275,137.1,14.05,25.62,5.3,371.7,16.3,126.3
232,94.14,1.57,1.31,1.7,4.89,0.079,208.2,20.73,12.36,74.2,415.9,20.12,121.9
233,98.39,0.92,0.73,1.65,4.2,0.584,176.1,6.87,46.96,31.8,349.9,18.9,107.7
234,94.26,2.0,0.36,0.42,0.73,0.505,193.1,11.01,45.19,45.9,311.5,22.92,93.1
235,97.88,0.37,0.39,0.81,0.92,0.09,183.2,11.98,25.75,69.4,265.4,20.36,84.2
236,96.77,1.33,0.39,0.55,1.66,0.114,216.5,9.33,22.67,50.3,316.7,21.55,100.9
237,95.4,0.48,0.74,0.53,2.43,0.248,192.9,10.55,31.09,52.6,319.0,20.4,100.1
238,96.63,1.68,0.37,0.61,2.69,0.121,157.4,17.76,3.65,40.6,337.9,21.18,113.8
239,95.95,2.56,0.47,0.1,0.87,0.403,168.1,6.27,12.32,23.7,332.4,19.74,102.7
240,94.13,2.66,1.27,1.34,4.79,0.521,203.3,17.83,35.98,7.8,491.5,16.15,162.2
241,96.49,2.01,0.47,1.94,0.63,0.522,121.4,13.37,1.98,69.6,313.1,20.23,94.1
242,97.85,2.23,0.92,0.69,3.05,0.349,151.7,6.97,31.34,62.1,354.9,19.01,108.4
243,97.66,0.32,0.56,0.74,4.08,0.472,157.7,8.62,45.65,79.5,302.0,19.41,85.8
244,98.69,1.83,0.56,0.75,0.07,0.557,169.2,19.69,5.17,49.2,295.9,21.12,90.9
245,94.7,0.62,0.13,0.44,1.44,0.519,144.5,7.58,4.5,9.1,290.8,19.35,87.9
246,94.14,2.96,0.57,1.19,3.56,0.473,157.0,2.52,24.88,,379.7,16.68,111.0
247,98.15,2.68,1.13,1.44,4.04,0.099,188.1,15.26,24.42,33.2,423.4,15.48,125.4
248,95.61,2.88,1.11,0.95,2.52,0.561,133.0,5.18,45.49,71.3,373.2,17.65,112.7
249,95.07,2.6,1.03,1.52,3.6,0.277,149.8,21.22,18.36,21.6,430.8,14.49,140.7
250,94.7,1.3,0.65,1.68,1.78,0.318,139.1,11.61,3.33,7.9,361.9,21.19,119.3
251,97.29,2.77,1.23,1.79,0.44,0.257,145.5,10.96,11.18,13.6,422.4,19.08,136.5
252,97.84,1.65,0.8,1.67,0.72,0.491,145.2,10.36,22.17,,328.7,21.47,109.1
253,98.75,1.93,0.53,1.78,4.44,0.52,173.7,14.18,16.66,58.1,384.5,20.37,132.3
254,96.95,1.77,0.56,0.62,4.58,0.096,140.7,17.99,13.45,18.7,386.6,19.41,123.9
255,98.63,1.43,0.12,1.62,1.71,0.199,200.3,17.85,21.94,40.0,347.7,19.32,109.6
256,95.87,2.32,0.45,1.81,4.25,0.327,163.6,8.81,29.03,30.3,427.3,15.48,131.0
257,96.69,2.48,0.78,0.12,1.19,0.526,189.8,14.04,13.39,51.6,332.7,16.42,100.6
258,98.31,1.9,0.48,0.41,0.87,0.344,140.6,22.66,25.94,12.4,330.9,21.68,112.8
259,94.13,1.69,1.5,1.03,1.77,0.16,218.8,12.89,2.29,42.2,336.5,21.29,109.0
260,97.48,0.22,0.52,0.79,3.15,0.563,202.1,20.59,46.98,70.7,314.8,18.59,100.2
261,95.03,2.05,1.37,1.17,4.83,0.121,191.9,8.63,39.64,19.4,435.7,16.42,128.7
262,94.76,2.82,0.47,0.88,2.53,0.466,217.3,12.22,3.06,7.4,434.0,17.76,151.5
263,97.47,0.72,0.25,0.12,0.2,0.245,140.0,11.45,39.64,13.2,268.7,18.01,85.1
264,98.06,1.06,0.93,0.54,1.29,0.355,172.7,10.66,49.68,67.5,309.9,21.4,95.1
265,95.79,1.55,0.24,1.3,2.69,0.097,179.9,21.01,39.21,76.4,350.6,21.9,111.2
266,98.45,2.49,0.47,1.0,0.37,0.505,154.3,2.2,21.72,79.7,324.0,18.15,97.4
267,95.04,2.76,0.71,1.2,1.47,0.176,201.6,7.83,2.83,14.9,390.7,20.0,117.9
268,98.49,0.9,0.8,0.21,1.64,0.513,209.5,9.65,32.62,57.4,294.0,19.7,91.3
269,97.09,1.37,1.16,1.84,4.8,0.322,166.3,8.68,31.62,32.2,373.5,15.79,130.2
270,98.68,0.39,0.93,1.35,3.61,0.381,200.3,6.22,42.43,13.3,356.6,17.63,118.0
271,94.03,2.04,0.11,0.33,3.72,0.133,138.9,16.96,10.12,48.3,365.8,16.98,109.1
272,97.3,1.18,1.19,1.57,0.28,0.35,176.0,6.84,30.64,32.8,312.7,18.73,88.5
273,97.21,0.67,0.98,0.59,1.97,0.437,126.6,11.2,39.46,45.0,284.8,20.57,97.6
274,96.34,1.06,0.15,0.08,2.75,0.273,186.9,3.42,38.98,33.3,320.2,17.98,113.9
275,98.81,0.52,1.08,0.8,1.75,0.097,190.5,17.49,48.67,59.5,309.1,20.19,105.6
276,94.91,0.21,0.45,1.87,2.89,0.092,191.2,12.29,13.41,6.3,380.7,18.1,111.9
277,94.26,2.97,0.67,0.8,4.03,0.394,190.7,10.54,2.77,21.7,396.3,17.24,133.9
278,95.35,2.34,0.51,0.65,4.83,0.495,213.0,17.92,2.49,54.2,388.1,16.4,128.4
279,98.57,2.51,0.81,1.77,3.9,0.054,214.3,6.44,29.59,21.2,439.8,15.39,130.2
280,96.71,0.4,0.38,0.88,3.18,0.487,127.9,7.56,37.49,77.7,293.4,21.79,98.9
281,97.47,2.74,1.36,0.41,3.31,0.182,159.5,23.97,31.67,5.4,458.0,12.1,145.5
282,96.96,1.17,0.33,0.83,4.39,0.18,167.3,13.81,35.19,29.1,365.2,18.51,119.9
283,98.53,1.21,1.39,1.11,0.42,0.226,201.2,17.18,21.08,72.6,299.0,17.71,91.6
284,98.05,2.27,0.65,0.36,3.7,0.561,123.8,4.99,26.33,73.4,335.0,19.24,105.4
285,95.5,2.24,0.96,0.11,1.82,0.532,168.9,16.5,34.52,29.0,352.2,18.78,105.6
286,98.09,2.13,1.13,0.33,4.06,0.41,125.4,9.44,21.07,50.3,341.2,20.23,110.8
287,98.25,2.6,1.5,0.37,4.91,0.05,125.9,13.77,43.69,8.9,462.1,15.78,139.5
288,96.04,2.66,0.85,0.71,1.57,0.237,188.6,10.38,7.48,72.9,340.0,20.0,114.8
289,97.65,0.45,0.78,1.86,1.71,0.468,174.5,4.01,14.99,9.2,319.5,19.39,98.4
290,94.45,2.25,0.66,0.99,2.41,0.19,168.0,12.68,44.34,71.9,380.6,18.63,125.5
291,94.38,1.05,0.46,1.53,0.54,0.509,219.6,10.27,28.14,59.6,303.1,20.69,90.5
292,97.13,2.99,1.49,0.26,0.08,0.133,161.2,10.36,47.31,55.3,349.9,17.73,117.9
293,98.05,1.07,0.24,0.84,3.24,0.534,164.1,16.78,44.5,78.5,336.1,18.6,112.3
294,95.9,0.54,1.1,1.05,1.4,0.166,213.1,2.84,13.22,48.4,281.9,20.47,84.5
295,96.4,0.54,1.04,0.75,1.19,0.418,166.3,2.74,12.01,12.0,292.0,18.37,92.0
296,97.75,1.4,1.43,0.67,4.69,0.204,172.2,3.93,2.64,26.3,350.6,18.47,105.7
297,97.17,1.66,0.83,1.48,3.24,0.566,173.7,21.96,13.96,41.0,373.9,18.34,121.2
298,95.11,2.31,0.68,0.68,0.83,0.188,137.4,5.46,27.29,77.4,303.2,22.74,100.2
299,95.14,1.15,1.29,0.56,3.71,0.158,198.9,22.15,18.27,68.2,350.5,20.64,112.3
300,98.52,1.25,1.43,0.63,3.86,0.263,130.3,14.57,25.41,31.2,364.2,17.51,110.8
301,94.08,0.71,1.37,1.8,4.49,0.394,183.3,10.53,17.6,76.0,369.9,19.31,125.3
302,96.16,2.03,0.14,1.59,4.44,0.35,213.8,18.74,36.39,20.1,433.0,18.34,148.6
303,95.34,0.77,1.02,0.94,4.84,0.588,150.5,9.7,28.25,13.8,355.7,21.52,114.3
304,95.21,2.65,1.44,0.38,3.74,0.068,196.0,16.95,14.21,69.4,404.8,17.86,129.3
305,96.45,2.75,0.16,0.75,2.08,0.165,135.8,13.18,43.57,12.9,379.9,17.61,118.6
306,95.64,1.92,0.67,0.91,4.77,0.542,166.5,7.65,16.59,38.3,400.7,16.14,125.0
307,96.62,1.89,0.86,1.29,3.98,0.24,153.7,7.91,35.01,14.5,439.6,16.77,141.0
308,97.73,2.77,1.43,1.53,2.79,0.572,197.8,20.94,29.58,50.9,429.2,17.1,135.0
309,98.51,1.11,1.37,1.61,4.91,0.535,137.7,7.68,17.31,34.2,359.0,19.03,120.0
310,95.81,0.62,1.44,1.56,4.2,0.391,205.5,4.21,25.54,51.8,332.6,21.5,105.9
311,96.1,2.45,0.45,1.38,1.72,0.307,184.0,9.83,41.93,38.6,372.5,15.17,119.2
312,95.52,0.43,0.64,1.11,4.55,0.123,176.6,19.06,34.71,71.7,336.7,19.68,109.8
313,97.8,1.06,0.99,0.55,0.67,0.104,208.1,22.75,48.84,8.2,366.1,17.56,114.6
314,97.65,0.49,1.32,0.56,3.21,0.069,207.5,17.51,29.42,27.8,344.4,17.17,112.0
315,97.36,1.76,0.11,0.59,1.14,0.469,217.1,14.7,5.94,37.2,321.5,18.92,90.8
316,97.76,2.25,0.6,0.46,0.29,0.328,163.8,9.53,13.75,38.1,304.7,17.95,98.5
317,98.31,1.04,0.89,0.66,3.19,0.072,156.0,8.28,42.07,,360.6,17.33,120.4
318,96.92,0.57,0.2,0.44,2.3,0.157,129.4,19.83,2.57,71.0,269.5,19.82,84.4
319,95.42,2.31,0.95,2.0,1.83,0.188,161.1,20.9,29.81,36.8,394.4,17.4,117.1
320,98.77,0.46,0.25,0.07,2.96,0.102,127.5,11.35,49.59,57.2,272.4,21.98,85.3
321,98.98,1.68,0.21,1.32,0.43,0.559,120.1,5.77,31.57,71.5,266.0,20.65,82.8
322,98.31,2.4,0.64,1.75,2.42,0.093,153.4,11.45,10.03,73.8,375.1,22.7,115.7
323,98.85,1.03,0.32,0.25,3.83,0.355,184.7,17.9,18.66,28.6,348.1,19.82,111.4
324,94.57,0.25,0.82,0.21,0.07,0.358,137.1,19.19,39.41,76.0,242.3,22.67,69.6
325,95.78,1.07,1.15,1.88,2.8,0.071,128.5,5.87,41.34,63.2,316.1,19.49,100.5
326,95.78,2.94,0.99,1.79,3.69,0.12,156.3,13.11,35.55,52.6,432.2,18.55,141.6
327,97.57,2.82,1.2,0.8,4.62,0.33,170.6,18.58,43.63,20.4,448.1,17.54,140.1
328,98.4,0.33,1.39,0.6,4.98,0.316,152.9,19.7,36.85,5.0,393.5,17.99,118.0
329,96.19,1.53,0.89,0.19,1.85,0.358,157.8,18.2,17.88,78.6,333.5,19.09,105.7
330,96.17,0.92,0.3,0.79,3.83,0.503,218.9,3.19,33.41,62.9,325.6,20.22,107.2
331,98.53,1.12,1.2,1.65,1.29,0.596,213.2,11.0,26.53,46.1,333.0,19.44,114.1
332,94.69,0.62,0.35,1.51,0.7,0.3,174.9,7.55,31.89,5.8,344.8,18.85,106.6
333,96.14,0.42,0.97,0.79,0.32,0.231,121.2,13.15,47.39,29.5,270.6,24.49,85.0
334,96.36,0.42,0.63,0.04,3.45,0.062,204.2,5.99,41.94,11.0,326.5,20.05,109.2
335,95.39,1.32,1.18,0.96,0.2,0.276,145.7,23.57,19.23,46.5,301.1,22.25,90.8
336,98.87,2.9,0.7,0.52,2.14,0.172,154.4,3.65,12.82,54.8,362.6,18.82,112.2
337,94.75,0.87,0.52,1.43,2.9,0.136,218.6,14.56,37.96,,346.2,19.85,109.6
338,95.65,1.77,1.42,1.55,4.0,0.258,134.0,22.41,16.34,,397.1,16.6,124.8
339,98.91,2.57,0.85,0.81,1.0,0.538,163.7,4.25,35.22,29.1,366.7,20.69,131.4
340,94.84,2.88,1.04,1.7,1.22,0.343,123.8,22.1,26.54,16.0,387.4,17.03,127.3
341,96.02,2.44,1.07,0.03,2.03,0.442,194.8,9.1,21.44,15.0,366.1,17.96,112.2
342,97.09,2.06,0.27,0.16,3.51,0.535,152.6,17.85,44.01,13.3,394.2,20.13,125.3
343,95.7,1.14,0.3,0.06,0.34,0.431,147.8,18.29,26.19,70.3,271.8,23.11,90.9
344,95.93,1.93,0.62,0.23,4.03,0.146,163.7,11.08,48.67,15.0,395.1,18.94,133.1
345,98.35,1.69,0.42,0.82,2.11,0.312,187.7,2.52,46.96,6.9,372.2,18.21,119.9
346,94.43,1.31,1.23,0.84,1.46,0.282,178.5,4.17,2.72,11.7,317.5,19.93,114.8
347,94.57,1.57,0.95,1.11,2.3,0.224,124.0,14.83,8.54,33.9,338.0,20.21,107.8
348,98.13,0.23,0.53,0.97,2.0,0.451,201.3,20.32,3.35,77.6,303.7,19.98,89.7
349,96.37,0.44,1.31,0.37,1.86,0.2,120.1,13.33,46.53,24.0,287.2,20.67,84.8
350,94.39,2.21,0.83,0.54,4.33,0.338,219.5,8.37,45.5,20.7,408.9,18.22,131.2
351,97.33,1.77,1.41,0.88,3.46,0.563,179.7,13.46,5.36,72.6,353.9,18.85,109.1
352,95.99,1.62,0.25,0.68,3.47,0.189,158.7,18.79,41.68,59.5,341.9,18.77,109.5
353,97.54,2.13,0.37,0.66,4.11,0.383,129.0,19.4,17.88,76.0,347.9,17.84,108.4
354,98.4,0.39,0.78,1.56,1.84,0.304,173.1,13.1,37.78,76.6,297.3,21.87,93.1
355,98.72,0.59,0.92,1.55,2.4,0.406,178.8,21.78,22.53,58.9,342.5,18.93,115.4
356,94.36,0.81,0.87,0.54,2.23,0.165,120.8,22.85,22.72,,261.6,21.79,75.6
357,96.71,2.44,0.79,0.47,2.88,0.326,162.3,6.86,10.92,25.6,370.4,17.82,115.1
358,98.73,1.12,1.06,1.76,3.74,0.577,177.1,8.36,26.68,6.6,423.2,13.06,134.1
359,98.71,1.91,0.22,0.74,3.59,0.1,216.9,13.03,36.55,55.6,371.0,18.56,113.5
360,94.91,0.57,0.82,1.76,2.3,0.451,163.9,17.45,44.78,,344.2,19.11,116.4
361,95.75,1.8,0.33,0.34,3.81,0.116,206.0,7.64,46.79,14.0,364.8,19.81,109.5
362,98.85,1.05,1.24,1.4,2.02,0.486,120.5,15.53,44.64,22.4,347.2,20.31,106.0
363,96.88,2.74,0.37,0.49,0.63,0.171,129.6,15.18,8.78,76.2,318.0,23.71,102.7
364,98.28,1.88,1.04,1.67,1.01,0.335,160.9,6.32,33.96,50.7,329.0,20.91,108.2
365,95.19,1.73,0.97,0.77,1.58,0.461,182.7,10.64,47.17,30.2,351.4,17.91,112.1
366,98.32,1.93,0.49,1.5,1.02,0.296,177.0,2.07,25.91,33.1,311.0,19.45,97.1
367,97.08,1.55,1.19,0.03,4.4,0.09,124.7,13.1,13.42,55.3,337.4,21.33,109.0
368,95.05,0.54,0.71,1.23,1.55,0.274,158.1,21.17,36.53,24.5,325.1,21.05,105.0
369,95.47,1.59,0.39,0.84,0.99,0.305,173.6,6.33,32.65,6.7,371.5,16.44,118.0
370,97.98,1.9,0.12,1.15,3.83,0.339,180.7,3.49,9.26,26.9,347.9,14.84,108.8
371,96.61,2.07,0.83,1.65,2.19,0.535,127.8,15.33,5.91,28.6,342.3,20.63,114.4
372,98.33,1.49,1.45,0.18,4.81,0.489,164.7,6.74,25.11,76.4,357.0,19.36,104.1
373,98.85,1.8,1.22,0.15,2.71,0.161,145.9,18.19,22.71,78.1,791.0,19.7,93.9
374,95.68,2.06,1.13,0.35,0.96,0.44,209.4,4.8,28.41,,338.3,19.36,109.0
375,98.81,2.98,0.71,1.73,4.86,0.496,155.8,2.28,8.26,59.5,426.5,18.0,147.4
376,96.77,1.0,0.19,1.21,2.73,0.573,178.5,10.88,22.81,67.7,330.7,21.37,96.7
377,97.36,0.38,0.36,0.94,2.47,0.163,134.2,22.74,35.04,22.8,306.3,17.99,110.3
378,98.04,0.89,1.07,0.69,4.76,0.079,144.6,11.95,38.73,58.8,339.6,20.83,102.9
379,96.85,1.85,0.79,1.33,0.12,0.548,123.1,20.05,19.63,24.8,284.1,20.13,94.3
380,95.99,1.65,0.32,0.8,3.23,0.141,210.6,3.67,23.77,26.5,358.1,18.49,117.2
381,98.25,2.81,0.54,0.95,4.29,0.133,191.4,5.54,18.3,76.5,402.6,18.36,133.7
382,94.52,0.74,1.21,1.14,1.52,0.426,186.8,18.8,19.31,22.0,340.6,20.07,123.2
383,97.16,2.14,1.28,0.47,4.03,0.258,159.7,3.35,22.25,34.0,384.1,16.72,123.7
384,98.5,0.68,0.87,1.19,1.71,0.481,201.0,10.86,1.73,68.7,293.8,20.08,104.0
385,97.85,0.8,0.71,0.61,2.03,0.345,135.3,8.61,49.55,47.1,290.7,21.29,101.2
386,94.15,0.87,0.84,1.5,0.18,0.129,130.9,11.42,36.14,76.5,259.0,22.56,85.1
387,95.71,0.66,0.27,0.8,4.89,0.376,163.1,7.94,18.9,56.9,324.7,19.04,103.2
388,94.65,1.35,0.4,1.84,2.93,0.365,169.5,10.7,12.87,68.2,340.7,20.57,114.0
389,97.3,1.11,0.97,0.21,0.77,0.491,152.5,12.35,38.65,21.0,320.9,18.95,88.7
390,96.53,0.83,1.42,1.52,3.21,0.162,178.0,12.58,9.63,50.5,339.5,20.75,98.5
391,95.64,2.05,0.12,1.79,3.71,0.553,194.4,9.86,12.77,55.1,379.7,19.12,116.9
392,94.59,1.88,1.31,0.59,1.02,0.196,123.8,13.13,13.65,25.5,310.0,20.3,94.2
393,97.03,2.06,0.1,0.52,4.35,0.1,156.4,11.93,28.43,8.9,421.6,17.94,126.7
394,94.21,1.57,0.95,1.45,3.14,0.393,127.0,21.45,11.03,29.9,357.6,21.21,117.1
395,95.14,2.35,0.52,0.19,0.46,0.582,193.6,21.0,46.31,33.7,361.7,18.44,111.6
396,97.53,1.55,0.85,1.22,1.5,0.219,163.0,21.21,20.51,73.3,320.0,19.35,117.0
397,95.25,1.02,0.44,1.91,3.15,0.183,150.5,6.37,37.67,7.3,375.8,17.28,130.1
398,98.63,2.37,1.15,0.29,4.45,0.284,145.7,17.11,29.94,17.5,409.7,17.19,134.8
399,96.71,0.66,0.83,1.83,0.49,0.407,213.4,6.58,4.48,60.9,281.4,19.89,89.5
400,97.66,0.26,0.67,0.37,4.55,0.53,171.8,14.83,9.38,10.0,361.6,17.68,112.3
401,97.51,1.34,1.01,1.35,1.68,0.104,185.1,5.9,10.68,30.1,326.0,19.42,99.4
402,95.55,1.11,0.75,1.35,0.55,0.184,140.8,17.85,28.14,43.5,293.9,22.91,98.8
403,94.7,0.65,0.97,0.54,4.11,0.226,197.8,17.3,37.67,58.3,331.4,19.06,108.4
404,95.23,2.41,0.15,1.34,5.0,0.137,172.0,12.17,40.33,37.2,420.7,18.03,129.6
405,95.37,2.49,1.34,0.34,4.45,0.497,132.0,16.83,6.12,29.2,401.1,21.47,138.4
406,96.31,0.36,0.62,0.89,0.53,0.144,156.4,10.91,7.2,67.5,268.5,22.08,81.0
407,96.48,0.37,1.22,0.14,1.65,0.303,181.9,22.54,42.77,47.4,269.8,20.59,91.1
408,96.49,2.63,1.28,1.51,4.24,0.11,189.4,19.69,42.74,28.3,454.0,17.93,148.0
409,98.36,1.7,0.22,0.92,3.85,0.223,125.2,17.34,17.62,43.3,342.5,18.22,116.1
410,95.89,0.83,0.83,0.66,4.22,0.297,206.9,6.66,14.45,63.9,312.4,21.58,100.7
411,97.36,2.72,0.83,0.37,1.78,0.459,218.5,3.48,12.89,35.3,327.9,18.84,102.7
412,94.8,2.63,0.19,0.11,2.15,0.078,179.7,21.3,27.15,31.8,378.4,16.53,113.1
413,98.26,0.8,1.08,0.0,4.98,0.337,188.8,20.13,12.77,5.3,412.2,17.51,136.0
414,95.51,1.14,1.39,0.1,3.25,0.112,184.1,6.36,28.72,14.1,353.0,15.59,130.8
415,97.99,2.52,0.62,1.7,4.32,0.316,182.3,6.16,28.89,61.8,418.5,18.66,123.3
416,94.85,1.98,0.38,0.42,2.23,0.525,175.0,9.28,46.35,46.8,330.9,17.59,101.7
417,94.69,1.86,1.01,1.8,0.2,0.225,128.9,3.35,31.15,47.7,308.7,20.71,91.8
418,94.23,2.69,0.79,0.6,0.36,0.497,198.8,7.78,9.5,78.3,352.8,20.73,120.1
419,98.71,2.93,1.13,0.49,2.45,0.06,155.2,13.91,37.57,37.5,397.8,19.64,127.8
420,98.75,0.27,0.2,1.14,0.35,0.145,133.6,22.49,38.85,67.8,258.9,19.03,85.5
421,94.13,2.88,0.59,0.01,3.0,0.419,122.3,16.61,5.75,7.3,401.2,18.4,137.7
422,94.38,2.48,1.35,1.93,2.73,0.569,123.1,8.33,28.19,22.3,382.1,19.1,122.5
423,95.84,2.75,1.21,0.24,2.73,0.135,190.4,5.75,46.34,28.6,383.7,18.26,118.9
424,96.09,0.37,0.1,1.0,3.08,0.481,156.7,19.09,2.75,43.2,298.5,24.08,92.5
425,97.86,0.58,1.41,1.56,3.46,0.293,186.2,14.69,20.18,69.7,339.6,17.33,112.8
426,98.22,0.27,0.16,0.75,4.43,0.458,178.1,23.42,24.78,50.0,334.6,20.18,112.9
427,94.05,1.53,0.82,1.94,0.44,0.571,141.7,10.98,39.69,76.1,293.6,18.69,103.5
428,96.07,2.22,0.34,1.96,1.37,0.156,130.1,22.13,36.09,12.5,408.3,16.8,129.8
429,95.43,1.29,0.79,1.26,2.88,0.582,179.9,6.9,10.02,38.8,328.7,18.11,98.2
430,94.44,0.76,0.72,0.68,0.73,0.31,125.1,16.14,47.3,58.2,263.7,21.13,80.2
431,96.56,2.59,0.55,0.69,2.63,0.08,129.9,8.31,9.61,,348.2,17.62,117.2
432,97.68,2.97,1.3,1.63,3.76,0.303,173.5,14.46,43.65,55.3,451.1,16.55,158.2
433,95.1,0.81,1.31,1.01,4.57,0.51,181.8,12.9,48.43,10.0,398.5,18.49,139.4
434,98.77,2.52,0.47,0.69,4.05,0.154,180.4,12.17,2.56,34.9,403.8,17.49,137.2
435,96.51,1.64,1.09,1.62,2.66,0.551,166.0,6.87,44.88,5.2,417.4,17.93,133.2
436,95.77,0.86,1.27,1.34,4.07,0.135,181.1,13.27,35.52,52.2,359.1,18.7,108.1
437,96.87,2.42,1.13,1.62,2.64,0.378,214.0,10.64,10.79,47.8,388.9,18.26,133.8
438,95.44,1.92,1.47,0.29,2.9,0.414,190.6,8.36,43.83,9.0,380.8,20.56,119.9
439,97.69,2.3,1.02,1.99,1.55,0.576,198.3,17.11,48.59,43.2,398.3,21.95,125.6
440,98.6,0.59,1.07,1.28,1.22,0.488,142.1,10.85,15.14,77.7,282.0,20.74,86.4
441,96.19,2.48,1.18,0.08,4.85,0.249,203.7,19.73,17.08,53.1,410.0,16.63,132.6
442,94.37,2.96,1.21,0.76,3.48,0.349,129.5,16.3,4.37,45.8,385.2,16.71,118.3
443,98.03,2.27,1.15,1.5,1.89,0.243,186.4,5.68,20.78,79.6,353.2,21.37,117.3
444,95.23,1.19,1.07,1.76,4.7,0.575,162.1,11.22,5.46,47.4,372.7,18.13,122.6
445,95.4,1.06,1.45,1.87,3.09,0.404,141.1,19.61,44.61,50.6,358.8,21.0,122.2
446,96.21,0.76,1.12,0.79,2.92,0.571,209.0,16.31,45.7,57.7,320.2,18.23,104.1
447,94.83,1.46,1.25,1.86,2.19,0.436,160.2,20.8,16.18,73.2,354.2,20.14,121.9
448,95.92,2.28,1.45,0.09,4.34,0.366,171.0,23.53,43.88,65.2,411.4,16.96,122.8
449,96.38,1.11,1.07,1.72,4.56,0.309,139.5,14.79,29.92,6.7,427.2,19.31,132.4
450,98.74,1.92,0.11,1.79,1.52,0.551,144.2,10.14,27.67,57.2,357.7,18.04,115.2
451,95.68,2.33,1.38,1.51,1.16,0.258,146.9,9.13,7.27,55.7,350.2,20.35,109.5
452,94.87,2.64,1.0,1.86,2.23,0.34,127.9,3.54,23.78,38.6,398.0,18.47,142.1
453,97.6,1.98,0.55,0.51,1.26,0.513,125.2,13.69,42.66,24.3,335.4,19.94,100.6
454,96.07,1.63,1.23,1.36,0.41,0.064,129.6,15.06,25.16,38.2,305.2,19.83,100.4
455,97.16,0.9,0.88,0.48,0.25,0.582,217.3,17.18,17.88,35.0,272.6,21.46,88.0
456,94.75,2.83,0.36,0.97,0.64,0.208,135.4,6.4,25.18,16.4,359.6,18.13,113.0
457,94.06,1.75,0.41,1.64,0.34,0.388,191.6,6.71,22.93,6.9,387.6,18.02,127.3
458,95.75,0.62,1.3,1.21,2.58,0.135,185.9,14.25,45.86,23.3,338.0,21.21,104.9
459,98.7,2.07,1.05,0.95,4.26,0.561,121.1,5.22,42.38,71.1,355.9,19.87,104.1
460,98.03,1.95,0.2,1.38,2.46,0.326,210.6,2.86,27.55,61.8,332.2,22.5,115.2
461,97.08,2.03,0.54,0.01,3.96,0.316,135.6,10.85,24.15,12.1,381.8,19.54,121.1
462,94.87,2.71,1.46,0.69,2.41,0.367,143.9,17.21,11.39,44.7,354.5,19.85,113.9
463,96.92,2.15,0.55,0.01,1.26,0.404,124.7,13.11,16.58,30.9,339.1,20.28,106.1
464,94.2,0.23,1.32,1.23,4.34,0.37,146.3,22.5,12.48,45.9,339.5,19.36,117.1
465,95.61,1.41,1.46,0.79,1.09,0.487,164.0,8.96,11.49,45.9,299.7,23.26,87.3
466,94.72,1.43,1.23,0.63,2.01,0.078,169.6,16.26,25.1,21.8,362.7,20.33,116.2
467,95.56,0.57,0.46,0.97,4.74,0.108,186.9,14.43,39.34,49.1,883.75,19.94,102.9
468,95.84,1.68,0.62,1.46,2.88,0.144,205.7,10.4,27.73,32.4,360.9,18.99,113.1
469,95.15,0.22,1.02,0.88,2.32,0.246,197.1,16.24,44.25,30.3,323.8,20.53,108.5
470,98.9,2.72,0.43,1.35,2.52,0.568,123.1,16.27,24.05,61.7,356.7,18.87,116.1
471,98.58,2.64,0.42,0.6,4.64,0.246,149.5,13.61,7.59,61.7,396.0,15.68,127.9
472,94.23,1.74,0.31,1.2,4.5,0.589,145.3,4.28,14.22,31.0,347.7,18.88,111.4
473,98.72,0.25,0.13,0.97,4.1,0.204,121.6,18.59,7.86,19.5,306.7,20.49,97.0
474,97.04,0.78,1.33,0.69,2.46,0.429,127.1,9.67,47.8,14.3,322.8,21.24,96.2
475,98.7,2.92,0.52,1.06,3.81,0.556,183.9,20.2,43.09,48.1,456.4,16.55,146.0
476,97.14,0.94,0.53,1.09,3.68,0.186,130.3,3.85,6.81,10.5,326.0,20.32,105.9
477,97.48,2.93,1.3,0.47,2.43,0.315,173.0,11.74,28.29,23.4,393.7,19.9,130.0
478,98.15,1.08,0.32,0.57,4.96,0.076,157.4,18.76,38.6,78.9,342.8,20.73,109.9
479,96.09,1.52,0.49,1.88,1.79,0.288,207.4,15.51,13.12,17.7,354.3,17.98,120.2
480,98.14,1.07,0.97,0.1,0.35,0.321,187.0,7.95,13.86,13.1,305.3,20.0,91.1
481,94.12,2.53,1.1,0.5,3.68,0.061,179.1,17.75,42.54,66.1,402.9,15.74,133.6
482,94.41,2.02,1.21,1.44,3.81,0.342,216.3,13.44,6.78,57.1,377.9,19.27,122.0
483,94.19,1.25,0.93,1.06,0.26,0.264,159.7,16.48,5.13,64.6,297.1,20.05,104.7
484,97.48,1.86,0.64,1.9,2.98,0.51,174.8,8.52,48.01,12.5,423.9,13.2,135.7
485,98.5,1.65,0.62,0.71,0.38,0.597,134.1,11.04,22.3,36.8,305.8,19.15,102.4
486,98.43,2.6,1.47,1.41,4.37,0.563,153.3,12.47,11.51,78.7,388.7,17.34,124.1
487,94.76,1.65,1.31,1.4,4.32,0.485,178.1,14.93,7.68,35.5,390.7,19.94,121.2
488,96.71,2.45,0.5,0.14,1.81,0.315,141.1,10.97,35.69,23.8,336.5,19.5,101.9
489,94.91,1.63,0.87,1.0,4.34,0.261,162.9,9.49,1.91,53.9,353.3,21.11,107.9
490,95.46,1.41,1.16,0.44,1.89,0.521,133.2,7.02,20.09,76.6,265.6,19.14,82.9
491,95.15,0.93,1.03,0.77,3.25,0.455,212.2,7.1,9.74,53.5,312.8,20.06,101.4
492,98.72,2.68,0.33,0.03,4.72,0.188,183.4,16.16,1.71,47.4,374.9,19.45,111.5
493,97.15,1.17,0.56,1.38,4.94,0.376,213.8,14.87,29.83,24.7,402.1,18.49,131.7
494,96.65,2.92,0.44,0.24,3.66,0.125,148.6,13.29,25.6,70.3,360.6,17.06,117.4
495,98.64,1.02,0.14,1.19,1.88,0.387,141.5,22.44,49.12,36.3,303.7,22.26,91.2
496,96.09,0.48,0.36,0.92,4.55,0.501,199.5,3.72,37.75,34.9,327.9,18.59,103.7
497,94.67,2.89,1.12,1.08,0.85,0.251,146.2,16.19,12.23,13.3,381.7,19.19,117.1
498,96.7,2.42,0.58,1.89,2.09,0.481,191.0,5.77,29.02,5.9,423.6,19.64,127.6
499,96.04,0.2,1.16,1.69,3.37,0.203,210.3,4.08,23.33,6.6,365.5,17.6,111.7
500,94.16,0.84,1.24,1.52,0.14,0.351,183.8,3.66,45.39,79.0,284.3,19.78,92.0
501,96.85,0.8,0.4,0.81,2.79,0.51,142.5,5.43,17.27,17.5,299.8,20.39,98.9
502,95.97,2.87,1.06,0.96,0.26,0.592,151.0,20.97,27.29,40.2,361.3,17.64,120.0
503,95.59,1.83,0.4,1.72,0.47,0.405,122.4,7.23,24.28,71.5,290.4,19.98,90.8
504,96.04,2.01,1.01,1.46,2.28,0.448,148.5,13.56,7.0,74.6,358.5,19.95,114.3
505,94.86,0.4,0.53,0.57,2.29,0.189,136.5,23.51,38.37,56.6,291.4,20.33,92.6
506,97.78,2.44,0.71,0.55,1.03,0.095,149.8,15.12,23.09,36.1,342.3,18.09,115.9
507,95.98,0.44,1.46,1.57,2.23,0.066,137.9,3.95,31.7,63.5,293.4,21.29,100.0
508,94.88,2.92,0.18,1.84,0.94,0.555,130.9,11.99,24.12,71.4,358.2,19.01,124.1
509,98.44,1.7,0.23,0.31,4.42,0.472,164.0,9.24,44.75,75.7,373.7,21.0,112.3
510,98.62,0.47,1.17,0.29,3.54,0.578,129.8,14.83,31.12,37.7,304.1,17.31,89.7
511,96.31,1.42,1.26,0.2,4.64,0.518,199.2,22.99,43.55,63.8,396.7,18.05,118.2
512,98.87,0.63,0.42,0.33,2.52,0.122,179.0,12.95,21.02,70.5,290.2,17.32,92.6
513,96.26,2.03,0.41,1.6,0.46,0.273,200.6,18.21,42.05,36.4,360.2,19.5,116.2
514,97.75,2.01,0.62,0.24,2.43,0.563,205.8,7.32,38.42,75.4,332.0,20.4,107.9
515,97.04,2.7,0.94,1.5,3.98,0.393,120.9,6.38,8.75,22.2,380.2,18.22,119.7
516,94.1,1.39,1.06,1.14,0.84,0.492,165.6,11.87,35.29,53.3,318.2,21.47,105.6
517,97.53,2.98,1.17,1.32,0.19,0.119,125.6,22.24,28.57,39.7,376.1,19.33,117.6
518,94.87,1.79,0.37,0.17,2.91,0.408,179.1,11.5,1.6,21.2,341.8,17.49,113.6
519,96.3,0.31,0.71,0.81,1.12,0.535,165.6,18.61,34.29,36.9,293.0,20.96,84.1
520,94.28,1.31,0.15,1.78,2.09,0.073,167.7,14.63,26.81,72.2,341.5,18.19,119.1
521,97.42,0.52,0.43,0.86,1.95,0.318,198.6,11.2,18.85,34.1,311.5,19.23,94.7
522,96.14,1.14,0.49,1.86,1.29,0.483,139.4,2.5,48.34,21.1,328.3,19.33,96.6
523,97.48,2.09,1.29,1.1,1.38,0.415,160.5,6.48,28.47,75.3,324.7,18.84,101.9
524,95.03,2.58,0.57,1.73,0.63,0.061,200.1,18.96,40.91,71.7,378.8,20.18,117.5
525,97.76,0.54,0.97,1.73,3.11,0.503,151.7,20.19,32.68,68.5,329.9,20.07,103.5
526,98.81,0.25,0.62,1.96,3.5,0.198,131.3,11.39,30.71,37.5,316.8,19.82,105.3
527,94.74,2.61,1.08,0.82,2.98,0.55,165.1,12.84,14.07,25.2,367.1,18.11,126.0
528,98.95,0.77,0.71,0.16,0.91,0.5,219.2,8.41,36.49,68.0,261.4,22.41,83.6
529,94.78,1.57,1.05,0.44,4.11,0.136,213.4,12.0,33.03,79.0,370.5,20.89,117.2
530,95.27,1.12,0.93,1.66,1.29,0.414,159.5,6.9,45.5,30.5,311.5,22.21,99.2
531,98.44,1.93,0.5,0.35,4.08,0.165,188.6,13.45,21.32,24.3,398.1,16.75,133.9
532,94.46,1.71,1.11,0.11,0.9,0.567,141.1,4.7,38.21,33.8,303.6,19.48,96.6
533,97.23,0.89,0.42,1.32,1.26,0.332,132.1,20.94,39.9,60.5,298.0,19.99,88.6
534,97.46,0.98,1.3,1.69,1.71,0.343,132.7,7.11,32.79,59.4,303.5,21.2,97.2
535,98.59,1.49,1.26,1.49,0.68,0.417,187.7,2.2,27.84,21.9,321.5,20.27,93.4
536,94.81,0.3,1.15,1.64,4.27,0.556,177.2,20.95,7.41,49.3,352.3,17.97,111.7
537,95.93,1.64,0.94,1.13,1.03,0.144,160.3,5.8,49.76,60.2,348.2,18.4,117.1
538,96.51,2.07,0.5,0.84,2.59,0.409,169.7,9.16,5.36,44.8,333.0,18.92,111.3
539,97.92,2.4,0.33,1.97,1.73,0.053,190.9,15.12,7.86,23.1,397.7,15.57,132.4
540,98.75,1.69,1.03,1.39,1.63,0.521,210.2,20.61,46.46,54.6,364.8,20.79,107.7
541,95.06,2.43,0.14,1.6,2.56,0.326,170.9,11.95,6.11,67.5,892.25,19.07,107.4
542,97.14,2.5,0.2,1.49,4.46,0.056,168.2,9.03,25.35,5.6,472.5,14.17,143.3
543,94.64,1.38,1.25,1.97,4.74,0.276,133.3,3.59,20.99,68.5,353.5,21.52,124.7
544,98.66,2.88,1.42,0.59,1.78,0.579,141.0,18.25,25.76,43.6,381.2,19.91,111.2
545,96.25,1.23,1.43,1.33,4.55,0.303,186.5,10.56,28.79,69.4,392.4,17.95,133.0
546,94.93,2.25,0.77,0.16,1.86,0.594,185.5,22.31,14.32,42.1,348.3,22.3,95.2
547,98.25,1.46,1.19,1.46,1.67,0.418,211.5,3.94,6.84,28.4,319.2,21.26,98.9
548,96.68,1.97,0.2,0.58,3.74,0.255,205.0,21.4,47.43,,397.7,17.55,124.1
549,94.81,2.71,1.34,1.43,2.77,0.257,172.7,16.34,43.12,53.8,430.1,19.65,131.7
550,95.99,2.9,0.97,0.2,2.03,0.28,136.7,13.36,15.18,6.5,408.9,18.27,126.9
551,95.6,1.03,1.31,1.29,1.81,0.261,178.9,11.51,11.21,17.4,360.2,17.51,117.1
552,96.27,1.99,0.39,1.25,0.9,0.392,181.5,2.75,33.13,77.4,316.1,20.37,87.0
553,96.4,1.09,1.08,0.38,0.1,0.545,181.4,16.59,22.86,64.4,272.9,24.18,88.3
554,96.09,1.76,1.05,0.3,2.12,0.257,141.5,22.01,7.78,69.8,302.3,19.33,81.6
555,98.44,2.74,0.42,0.69,0.55,0.549,133.1,9.09,34.26,66.7,309.4,21.13,97.6
556,94.19,2.28,0.91,0.24,4.98,0.417,140.3,20.1,28.2,39.1,375.2,21.55,113.9
557,96.37,0.71,1.45,0.34,3.42,0.303,160.5,3.98,43.85,56.6,319.3,19.87,104.9
558,97.49,1.92,0.91,1.35,3.95,0.579,205.2,18.13,28.33,8.7,443.0,17.03,140.9
559,94.03,2.38,1.37,1.45,0.98,0.143,184.2,11.76,20.01,48.9,357.9,20.01,111.6
560,94.27,0.26,1.11,0.67,2.75,0.523,165.6,20.62,21.49,73.8,293.8,22.59,93.3
561,96.64,2.75,1.04,1.43,4.8,0.34,217.9,15.78,41.52,71.7,440.0,19.32,143.9
562,94.13,2.99,1.03,0.68,2.26,0.178,215.4,12.62,9.41,63.5,383.7,19.85,126.3
563,96.48,2.83,1.33,1.93,4.55,0.217,134.9,21.29,16.77,70.3,424.1,17.02,132.1
564,94.88,0.22,0.4,1.76,1.23,0.376,204.1,12.21,40.66,27.2,320.7,15.43,96.8
565,98.16,0.66,0.78,0.75,0.07,0.588,146.7,9.71,45.27,13.8,298.5,21.55,94.5
566,97.77,2.51,0.45,1.13,4.32,0.316,140.0,16.46,1.05,31.3,408.2,17.5,134.5
567,97.09,2.0,0.18,1.17,2.22,0.5,165.2,13.39,1.9,67.3,333.2,22.5,105.3
568,94.03,1.84,1.09,0.1,0.91,0.271,137.6,16.09,49.33,55.7,310.5,20.01,95.9
569,96.48,2.14,0.22,1.95,4.12,0.474,124.0,21.28,7.24,69.3,369.4,21.0,123.9
570,96.95,1.11,1.08,0.78,4.95,0.246,182.5,16.55,7.16,59.7,370.4,18.55,119.6
571,96.56,1.65,1.34,1.04,0.96,0.12,138.9,5.94,10.46,42.4,315.3,21.03,105.9
572,95.73,2.1,0.66,1.46,2.92,0.52,185.2,12.48,44.54,50.9,387.5,18.19,135.8
573,96.46,2.19,0.61,1.51,2.88,0.186,139.2,15.19,46.99,62.5,377.1,17.68,122.2
574,97.18,2.46,0.91,1.32,3.24,0.201,198.0,5.29,17.21,40.2,387.2,19.51,118.8
575,97.62,0.92,0.49,0.24,0.39,0.205,194.4,3.72,18.84,56.7,250.5,18.98,74.7
576,97.63,1.26,1.18,1.69,1.58,0.26,175.7,7.78,45.95,60.1,347.2,16.09,111.7
577,95.52,2.62,0.64,1.84,1.89,0.443,181.3,11.9,46.88,48.1,391.2,20.04,124.1
578,94.17,2.36,1.17,0.94,1.76,0.285,132.0,16.39,16.76,70.1,331.9,20.73,103.9
579,94.11,2.07,1.15,0.86,3.22,0.072,120.0,22.73,38.45,35.8,375.8,19.31,127.9
580,95.36,2.08,1.34,1.01,4.83,0.182,153.5,7.18,21.05,79.4,390.9,18.99,138.0
581,94.6,2.59,0.72,1.72,2.16,0.373,179.0,8.39,19.05,74.0,379.8,19.27,120.2
582,96.72,0.61,1.03,1.11,0.25,0.091,192.9,10.96,46.44,75.9,291.3,20.4,95.9
583,94.59,1.45,0.35,1.98,4.39,0.241,184.2,15.68,16.52,25.6,414.2,19.1,135.2
584,96.47,2.88,0.41,1.65,1.77,0.194,189.1,3.59,1.4,73.6,363.8,19.2,122.6
585,94.34,1.25,1.43,0.21,0.07,0.358,180.6,13.22,39.55,,340.3,20.65,119.3
586,97.34,2.21,0.32,0.05,0.46,0.115,213.7,5.64,36.15,62.3,310.6,22.09,101.3
587,94.64,1.89,1.45,1.46,0.23,0.527,206.1,13.42,36.75,40.3,348.0,18.33,117.8
588,95.2,2.71,1.45,1.26,2.56,0.276,168.9,17.32,25.24,41.1,402.8,17.99,127.6
589,95.0,1.31,0.26,0.0,3.46,0.531,205.9,4.57,30.17,6.9,367.4,18.02,119.4
590,95.62,0.48,0.73,1.08,0.78,0.485,135.0,11.53,26.6,75.5,252.1,20.98,78.7
591,98.65,0.65,1.08,1.1,3.46,0.432,130.5,9.25,6.34,17.4,311.8,20.55,104.0
592,98.49,2.85,0.26,1.61,1.76,0.48,189.3,8.69,45.24,18.1,394.7,18.32,131.9
593,97.07,0.63,0.42,1.13,1.68,0.079,123.3,18.11,13.88,13.1,315.8,17.19,104.2
594,97.65,1.36,0.4,1.03,3.22,0.21,161.1,20.97,10.35,69.1,353.0,16.48,114.6
595,94.81,2.68,0.58,0.27,3.8,0.363,166.5,5.82,13.31,36.2,362.3,18.63,120.5
596,98.25,1.86,0.52,0.78,3.4,0.294,166.8,12.35,23.1,46.2,376.9,18.58,120.7
597,98.61,1.4,0.29,0.41,0.96,0.321,175.2,5.12,28.57,46.8,300.2,19.16,85.2
598,96.92,1.59,0.91,0.51,0.27,0.197,170.0,15.54,12.27,37.9,783.0,20.9,104.7
599,95.63,0.31,0.6,0.72,0.21,0.134,150.5,23.08,30.21,55.3,250.9,20.66,83.3
600,96.51,2.18,0.85,1.65,4.14,0.524,136.4,13.25,35.53,41.1,402.8,16.89,124.1
601,94.61,2.63,0.88,0.48,4.78,0.376,201.9,7.94,24.7,69.1,393.9,19.75,120.6
602,98.29,0.97,0.2,0.67,3.69,0.324,140.9,5.01,44.98,67.6,299.3,20.24,98.5
603,95.44,2.24,1.31,0.69,4.13,0.183,131.3,20.14,30.27,61.4,384.9,16.26,129.2
604,94.32,2.29,0.46,1.66,1.55,0.303,124.4,4.98,13.67,45.8,319.4,20.1,102.2
605,94.23,1.17,0.64,1.36,2.15,0.423,158.5,5.58,43.06,67.9,320.9,18.85,104.0
606,94.68,1.49,0.48,0.03,3.37,0.125,150.4,18.55,47.7,5.4,399.7,17.12,114.4
607,98.39,1.3,0.64,1.99,3.33,0.086,194.7,17.85,10.58,79.8,388.0,16.67,125.6
608,98.68,1.21,0.6,1.31,0.0,0.159,178.9,9.58,20.56,39.3,326.5,21.99,107.1
609,97.45,1.45,1.47,1.64,0.62,0.359,172.7,16.91,27.34,75.3,322.6,19.11,94.8
610,98.11,0.8,0.42,0.1,1.95,0.553,196.2,15.83,26.08,15.7,325.2,22.58,105.0
611,96.57,1.49,0.63,0.35,1.92,0.359,170.4,4.56,26.43,75.0,317.3,19.95,94.2
612,97.14,1.42,1.01,1.44,2.93,0.551,199.4,9.52,28.68,61.9,353.9,19.22,109.0
613,94.26,1.65,0.83,0.86,2.25,0.481,174.3,22.41,2.13,25.4,344.1,20.66,117.2
614,95.74,0.4,1.23,0.22,1.17,0.123,175.4,9.61,39.08,14.7,313.8,20.18,86.6
615,94.18,2.44,1.04,0.93,3.41,0.356,176.1,23.93,10.49,5.6,482.0,19.15,152.8
616,94.07,2.58,0.68,1.75,2.86,0.553,218.0,9.36,34.99,79.0,382.0,18.79,120.1
617,96.37,1.51,0.97,1.37,1.81,0.321,175.1,19.1,33.03,26.8,378.0,18.0,125.9
618,94.46,0.97,0.22,1.19,4.92,0.492,206.7,12.33,14.97,70.6,347.9,19.31,112.9
619,98.94,2.95,0.69,0.29,0.71,0.589,162.6,11.76,5.62,31.7,338.3,20.88,110.0
620,97.98,1.55,0.21,1.97,0.41,0.099,206.3,15.22,12.4,67.9,341.6,19.55,102.4
621,95.44,1.52,1.41,0.46,4.37,0.214,157.6,8.27,3.28,37.4,372.8,18.16,119.9
622,98.35,1.88,0.93,1.75,1.6,0.163,211.3,9.11,49.64,28.6,394.6,19.04,122.4
623,95.3,0.34,0.72,0.34,4.46,0.57,166.5,22.88,32.07,22.9,374.6,17.72,119.5
624,94.23,1.35,1.34,1.25,2.52,0.106,162.3,4.87,19.89,44.3,331.4,19.86,104.0
625,95.06,2.56,0.58,0.17,1.14,0.228,128.8,13.43,31.19,37.2,324.3,20.76,107.4
626,94.55,2.17,1.03,1.68,1.17,0.324,156.5,22.0,13.02,6.6,442.3,19.56,135.0
627,96.96,1.37,0.19,1.24,1.41,0.119,198.5,15.05,10.56,41.3,324.7,22.14,100.4
628,98.0,1.71,0.75,0.42,0.72,0.569,188.3,20.62,3.42,76.1,299.6,22.85,91.3
629,98.49,2.26,0.54,1.97,1.7,0.408,160.5,5.4,34.11,28.6,389.0,17.12,125.9
630,98.06,0.45,0.91,0.82,3.59,0.377,136.5,2.42,38.44,19.0,306.3,18.38,96.0
631,94.09,0.67,0.48,1.09,2.83,0.236,174.2,7.79,48.83,58.9,312.5,21.57,102.7
632,94.33,0.8,1.48,0.92,3.23,0.484,124.6,3.41,6.18,,282.2,18.58,90.5
633,96.0,0.35,1.21,1.35,3.09,0.343,216.6,19.84,8.92,63.6,340.3,19.03,108.2
634,94.23,1.36,1.42,0.61,4.82,0.184,204.0,10.49,15.87,47.2,374.5,21.13,122.3
635,97.14,1.86,1.47,0.45,0.67,0.065,120.1,8.79,16.29,64.7,316.3,18.77,100.3
636,95.88,0.42,0.2,0.43,2.34,0.566,167.5,15.58,43.08,58.1,286.3,21.46,100.1
637,94.62,2.74,0.35,1.34,4.11,0.057,183.7,3.42,12.63,20.5,423.0,22.36,133.2
638,94.47,2.26,1.23,0.55,0.11,0.565,134.8,14.24,47.89,75.8,312.1,20.38,96.2
639,96.36,1.35,0.39,0.28,4.29,0.201,143.4,5.72,19.15,79.9,328.2,21.39,109.7
640,97.81,1.45,1.14,0.48,2.69,0.166,177.6,3.12,39.91,40.1,344.7,18.56,113.4
641,96.99,1.11,0.54,0.56,0.95,0.387,131.3,13.84,3.15,75.7,256.1,23.78,68.0
642,96.2,1.6,0.83,0.77,2.64,0.181,155.9,12.59,18.17,49.6,329.1,17.7,98.3
643,95.06,1.43,0.26,1.51,0.67,0.322,126.7,23.47,24.3,21.8,318.2,17.39,102.5
644,94.59,1.46,0.14,0.72,2.99,0.375,195.1,7.77,33.94,38.0,337.9,22.15,105.3
645,95.16,0.28,0.73,0.32,1.18,0.472,151.4,11.2,13.32,17.3,298.2,19.6,86.7
646,96.14,1.88,1.22,1.77,1.29,0.15,194.2,19.93,38.82,75.3,358.7,21.07,117.0
647,98.74,2.31,0.6,0.85,2.91,0.347,188.9,18.11,31.35,63.0,378.1,18.83,117.2
648,96.48,2.37,0.86,1.82,4.77,0.12,210.6,6.55,25.55,40.4,427.6,17.18,135.2
649,94.47,0.32,0.71,1.61,4.77,0.155,159.0,13.06,34.25,73.0,350.7,21.36,106.0
650,94.34,1.88,1.17,1.81,4.66,0.259,153.3,10.94,1.43,18.1,415.3,17.78,140.9
651,98.83,1.86,0.12,0.08,3.84,0.291,132.1,23.69,11.95,15.6,355.3,21.0,110.9
652,98.98,2.18,0.68,1.6,3.68,0.297,123.1,11.91,34.18,35.2,385.4,17.71,120.2
653,98.04,2.49,0.81,1.25,0.98,0.35,156.3,17.14,12.1,71.8,351.8,20.6,112.9
654,96.73,2.78,0.18,1.19,3.82,0.498,136.3,4.58,29.9,75.3,370.9,17.89,122.5
655,96.95,1.46,0.67,0.81,0.6,0.299,200.7,6.14,15.5,53.5,283.3,19.35,84.0
656,97.86,0.88,0.28,0.35,3.0,0.228,150.1,3.87,47.45,38.7,303.7,16.97,93.5
657,94.51,2.56,0.17,0.86,3.88,0.192,187.0,17.12,37.2,53.1,420.4,18.98,134.5
658,95.19,1.86,0.74,0.21,3.66,0.069,185.7,22.37,1.17,11.1,380.7,17.21,116.8
659,94.55,0.81,0.6,0.37,4.4,0.6,190.3,11.38,37.06,6.9,379.8,18.83,113.3
660,94.93,0.3,1.34,1.02,1.68,0.074,184.4,11.41,24.42,72.2,302.0,17.97,98.0
661,95.41,2.15,1.44,0.19,3.38,0.356,161.7,12.91,16.92,11.8,385.9,18.6,129.5
662,95.22,2.9,1.45,0.17,2.64,0.396,156.8,15.3,39.79,47.5,406.5,19.31,132.7
663,98.6,0.93,1.35,0.79,4.22,0.496,160.6,22.4,42.18,10.4,401.3,18.13,131.4
664,96.56,1.83,1.15,0.72,3.38,0.416,140.6,10.01,43.17,78.5,356.8,18.11,107.8
665,94.9,2.52,0.54,1.62,0.6,0.183,176.3,15.16,46.52,47.7,388.2,18.15,127.2
666,96.84,1.62,1.35,0.73,2.18,0.439,189.0,5.96,37.81,8.2,365.1,19.79,107.8
667,97.25,0.99,0.95,0.71,2.93,0.558,189.3,2.95,4.35,9.2,310.4,20.07,107.0
668,97.84,2.7,0.99,0.92,0.04,0.422,195.8,18.18,44.22,65.7,362.3,19.82,114.3
669,95.38,2.35,0.67,1.0,1.58,0.254,214.1,19.88,16.44,33.2,370.4,20.59,123.1
670,95.56,1.35,0.13,1.21,4.99,0.138,151.5,16.03,44.5,24.0,389.2,18.64,133.9
671,97.05,2.25,1.04,0.59,1.67,0.457,204.9,21.19,48.94,46.0,370.5,20.75,119.6
672,98.12,2.3,0.39,1.44,2.06,0.57,202.2,6.11,9.1,11.8,387.3,20.68,131.8
673,97.16,0.79,1.09,1.47,1.02,0.216,165.4,21.74,8.2,44.3,290.6,21.06,98.1
674,98.53,0.85,0.77,1.36,4.35,0.332,153.6,2.89,38.38,6.9,396.6,16.31,115.2
675,95.26,1.02,0.99,0.38,3.58,0.435,129.5,11.36,13.83,40.6,295.3,20.11,93.7
676,98.99,2.66,1.42,0.77,2.03,0.32,161.3,20.91,19.74,47.3,377.7,17.42,120.5
677,97.69,0.92,0.52,0.05,3.05,0.156,181.3,17.94,5.5,59.2,313.0,19.29,94.9
678,98.92,0.29,0.32,0.15,0.38,0.476,203.9,22.0,39.89,72.8,266.8,20.46,80.0
679,96.99,2.52,0.44,1.6,3.43,0.061,145.2,20.84,8.8,13.6,422.8,18.16,129.2
680,98.48,0.8,0.95,1.91,1.56,0.494,123.2,18.54,22.18,21.2,299.9,22.91,92.6
681,96.53,1.91,1.43,1.29,0.33,0.269,147.4,22.54,32.67,30.2,367.2,16.74,119.3
682,96.97,0.54,0.69,0.5,1.74,0.544,203.2,10.74,8.84,72.2,272.4,20.74,86.1
683,94.8,0.66,1.45,0.12,4.29,0.459,154.6,13.11,20.5,56.5,307.5,19.12,97.9
684,98.86,0.29,1.18,1.16,4.06,0.491,173.4,21.32,32.25,6.5,392.4,17.45,116.9
685,97.62,0.72,0.94,1.32,2.05,0.297,199.3,7.06,38.0,63.4,303.7,22.37,93.3
686,96.91,0.73,0.24,0.3,4.45,0.246,169.0,3.9,18.59,34.9,310.7,20.61,106.4
687,95.98,2.7,1.2,0.89,2.16,0.093,144.9,8.05,26.14,64.9,374.4,19.93,117.9
688,97.29,2.49,0.46,1.95,4.54,0.071,186.2,7.53,19.97,32.6,438.2,18.67,149.1
689,95.12,2.65,0.19,0.92,4.63,0.555,147.1,13.71,15.07,50.2,393.4,18.29,135.5
690,98.18,0.57,0.51,0.6,1.08,0.319,157.3,13.92,11.51,17.4,279.5,21.32,85.1
691,97.56,1.69,0.54,0.51,0.98,0.475,168.5,7.13,47.9,70.6,306.3,20.61,100.1
692,97.1,2.0,1.41,0.44,0.56,0.51,186.9,22.52,39.52,69.6,338.0,19.08,95.9
693,95.08,1.5,0.54,1.67,1.31,0.096,205.0,14.97,34.31,67.0,357.6,22.41,107.9
694,95.7,2.23,0.71,0.99,1.02,0.595,131.8,11.62,7.11,14.6,349.0,21.46,113.2
695,95.11,2.21,1.26,1.94,1.71,0.466,206.2,2.4,37.66,32.9,371.5,19.92,117.1
696,98.18,0.75,0.1,1.93,1.43,0.203,180.9,21.56,23.12,47.7,336.2,20.55,103.4
697,95.82,0.4,1.15,1.51,3.81,0.401,185.4,12.36,16.28,6.9,401.4,17.58,125.3
698,94.38,1.27,0.28,0.24,3.66,0.456,166.2,11.7,11.29,18.9,349.0,20.94,102.9
699,96.37,0.5,0.42,1.8,0.63,0.405,126.1,11.21,3.64,75.6,245.1,21.24,83.2
700,95.47,2.98,0.8,1.77,2.22,0.262,152.1,14.9,1.34,37.4,405.2,20.08,124.4
701,98.36,2.04,0.81,1.68,2.39,0.207,147.3,4.05,37.53,64.8,361.1,20.21,112.8
702,97.42,2.91,0.86,0.58,0.2,0.12,186.2,16.1,22.45,53.8,360.3,18.23,113.1
703,98.27,2.11,0.74,0.14,2.6,0.097,131.6,6.7,25.68,17.5,352.7,18.38,107.3
704,96.98,2.65,0.44,1.88,4.64,0.178,161.3,13.61,14.78,49.9,425.4,17.51,135.6
705,98.47,0.55,0.59,0.34,1.71,0.267,210.4,11.71,12.02,64.5,290.3,19.68,108.4
706,96.59,0.76,1.14,1.32,4.55,0.276,125.0,5.0,34.63,72.8,299.5,17.9,111.1
707,98.17,0.24,1.14,0.4,1.77,0.101,180.9,18.85,38.18,20.7,312.8,20.88,96.0
708,98.37,1.58,0.54,1.34,4.93,0.535,152.1,16.33,15.53,23.3,393.1,15.39,135.4
709,98.04,1.23,0.65,0.97,0.44,0.18,167.3,7.43,10.75,77.5,298.5,20.15,93.4
710,95.49,1.71,0.97,1.53,2.23,0.499,139.3,14.08,15.25,54.3,330.4,22.9,106.2
711,95.82,1.49,0.21,0.9,1.95,0.226,143.1,7.02,25.57,,336.5,17.89,111.0
712,98.07,1.9,0.72,0.1,2.69,0.582,211.7,19.0,47.58,53.2,344.0,18.49,112.0
713,97.39,0.42,0.31,0.07,0.1,0.476,138.0,9.66,12.22,23.0,243.1,23.91,85.2
714,96.46,0.91,1.09,0.65,4.05,0.254,209.7,16.16,31.71,22.1,378.4,18.99,129.2
715,94.76,0.89,0.8,1.04,1.58,0.111,188.7,11.74,14.66,67.7,297.0,19.03,97.3
716,98.08,2.51,1.13,1.8,4.39,0.052,178.5,9.1,21.44,43.0,453.1,16.25,148.0
717,97.12,1.42,0.74,1.26,0.68,0.274,147.9,13.97,24.89,76.5,307.7,19.23,97.7
718,98.7,0.53,0.88,1.66,3.88,0.345,146.5,17.29,13.22,51.9,356.7,19.96,112.7
719,94.12,2.0,0.33,1.1,0.43,0.505,191.4,7.07,41.68,78.3,311.9,20.57,95.5
720,98.63,1.05,0.89,0.63,0.28,0.526,170.7,3.56,26.05,43.7,286.7,20.02,92.7
721,96.98,0.43,0.98,1.46,2.9,0.089,133.9,8.77,49.69,66.1,296.2,21.23,97.8
722,96.7,0.27,0.28,1.83,2.85,0.317,132.5,9.11,8.29,62.5,282.5,19.93,94.6
723,96.14,2.14,1.44,1.94,2.45,0.142,175.7,11.68,42.55,8.0,458.8,15.51,151.1
724,94.53,2.41,0.79,0.62,0.75,0.474,142.7,18.34,37.7,73.8,353.4,19.35,115.1
725,96.75,2.13,1.29,1.65,0.29,0.136,185.1,8.64,8.46,36.8,333.4,18.08,108.3
726,94.7,1.5,0.44,0.95,0.93,0.331,144.6,22.41,32.45,58.7,313.6,19.27,95.0
727,96.96,2.96,0.54,1.59,1.55,0.446,214.7,8.79,3.33,,380.9,17.23,122.4
728,96.9,0.83,0.96,1.99,0.09,0.138,154.6,12.92,23.34,41.1,292.5,19.47,91.2
729,96.18,0.63,1.03,0.81,1.51,0.145,148.0,4.2,25.21,35.2,289.4,20.39,93.7
730,94.08,2.63,0.17,0.32,3.12,0.466,154.0,13.8,6.65,32.6,370.3,16.48,126.6
731,96.54,1.72,1.44,1.7,1.54,0.548,208.8,23.39,40.2,54.2,397.4,18.06,124.2
732,97.99,2.46,0.61,0.34,3.07,0.191,186.7,5.16,3.85,35.6,355.9,17.53,120.9
733,97.88,0.49,0.46,0.1,4.65,0.431,209.5,17.77,41.12,51.6,329.6,21.05,123.1
734,95.45,0.42,0.19,0.02,4.42,0.587,216.7,6.08,10.21,5.4,362.6,18.46,108.8
735,95.73,1.55,0.45,1.13,3.51,0.224,142.0,16.88,43.24,58.6,357.1,17.26,122.6
736,97.64,1.86,0.8,1.66,3.75,0.51,207.5,20.22,29.2,69.0,403.1,18.26,133.7
737,98.65,1.73,0.73,1.41,2.67,0.558,150.3,17.68,13.63,20.2,377.1,20.91,115.7
738,94.09,2.3,0.6,1.89,1.8,0.307,131.7,20.42,3.51,70.5,337.2,18.99,115.1
739,95.78,2.37,0.52,0.23,4.0,0.365,125.5,22.29,34.39,22.8,371.6,17.44,116.8
740,95.11,2.36,1.21,1.15,0.88,0.196,168.6,3.76,18.42,21.4,349.6,19.86,115.3
741,98.23,2.53,0.46,0.77,0.33,0.529,183.7,20.82,45.32,38.3,364.2,18.38,116.3
742,95.24,1.71,0.78,0.24,4.26,0.079,145.9,8.25,44.78,68.8,363.5,19.36,118.1
743,94.7,0.5,0.4,0.75,2.51,0.136,211.4,2.78,46.73,69.6,287.5,19.61,90.0
744,98.39,2.45,0.96,0.11,0.52,0.36,132.2,14.15,39.53,,301.2,21.61,98.0
745,95.69,2.99,0.12,1.0,2.22,0.093,171.8,19.32,39.36,63.1,375.7,19.98,124.5
746,95.21,1.15,1.47,1.53,4.21,0.373,189.2,20.61,17.3,74.8,395.7,21.03,132.2
747,96.78,1.49,1.05,1.19,4.94,0.059,202.3,5.04,6.3,35.2,356.1,18.01,115.9
748,96.44,1.61,0.19,1.15,2.11,0.077,182.9,21.46,34.27,69.8,343.4,19.45,114.2
749,94.93,2.75,0.49,0.87,3.58,0.593,177.9,21.8,38.28,48.3,402.7,20.49,130.1
750,94.77,1.17,0.19,1.3,0.82,0.279,170.9,5.53,6.69,5.8,358.0,20.28,120.8
751,98.93,1.56,0.2,0.54,2.25,0.153,136.8,10.92,11.86,70.6,269.5,20.4,89.9
752,98.85,2.43,0.48,1.54,4.91,0.332,205.3,16.82,15.08,42.6,430.5,16.6,124.2
753,96.28,1.38,0.5,0.5,2.72,0.1,209.5,4.87,19.94,57.3,318.9,21.68,100.9
754,98.78,2.2,0.76,0.11,4.83,0.117,189.6,15.43,12.32,22.3,410.1,18.45,132.6
755,95.85,1.95,1.43,1.24,4.55,0.068,146.3,21.28,28.35,36.9,397.0,19.0,134.7
756,97.97,2.81,1.01,1.21,3.55,0.297,173.0,4.77,4.55,47.4,376.2,20.88,125.1
757,98.75,1.73,0.45,0.81,4.82,0.24,177.7,12.74,5.46,14.9,407.6,20.05,137.6
758,98.54,2.63,0.59,1.79,1.98,0.369,152.9,22.12,17.91,17.9,410.9,18.16,129.5
759,96.8,0.88,0.75,0.71,2.69,0.055,162.5,14.43,3.6,49.8,304.5,20.32,98.1
760,97.85,2.44,0.82,0.69,1.93,0.163,136.1,6.09,21.92,50.9,347.0,19.05,114.5
761,97.16,2.77,0.61,1.11,4.8,0.479,186.3,5.18,45.93,44.9,423.5,15.25,148.0
762,97.73,0.54,0.48,1.65,1.61,0.252,138.2,4.15,23.56,74.8,278.2,21.94,97.9
763,98.45,0.87,1.09,1.87,1.0,0.276,181.5,2.66,48.38,67.4,307.5,19.61,102.9
764,97.48,1.29,1.28,1.61,4.15,0.342,159.4,20.87,30.56,72.9,373.6,20.15,119.1
765,95.83,2.84,0.74,1.75,1.97,0.105,150.2,2.25,37.34,14.6,402.5,17.17,119.6
766,98.11,0.84,0.11,1.35,4.17,0.573,153.7,7.8,40.78,8.0,390.2,19.62,122.7
767,96.36,2.99,1.1,0.25,4.34,0.44,173.7,13.88,47.72,69.1,385.4,18.02,116.7
768,95.13,1.58,0.77,1.47,3.54,0.51,180.4,7.91,21.65,55.1,354.5,18.72,116.4
769,94.16,0.29,1.26,1.22,0.03,0.244,132.9,11.34,39.26,43.6,268.6,17.91,83.5
770,97.93,1.99,1.36,0.53,0.8,0.194,217.2,8.8,17.18,,347.7,19.58,109.4
771,95.86,1.98,1.45,1.48,3.07,0.228,206.4,23.76,9.68,39.9,387.2,18.2,116.2
772,94.49,1.67,0.21,0.84,4.66,0.207,159.4,15.0,37.71,78.9,374.2,19.81,126.2
773,94.02,1.77,0.33,1.91,4.56,0.336,204.2,14.96,22.96,25.6,427.4,17.07,135.7
774,95.8,0.51,1.36,0.85,2.51,0.561,157.8,10.32,43.13,40.3,321.7,21.68,113.8
775,98.45,2.34,1.27,0.09,3.6,0.443,203.8,4.19,12.12,58.0,377.1,20.78,118.7
776,97.34,2.33,0.92,0.12,3.64,0.22,208.8,18.61,41.62,48.3,384.6,16.92,113.9
777,95.79,2.09,0.38,0.76,0.82,0.139,146.3,19.09,9.15,34.5,313.7,21.43,108.9
778,94.38,2.07,1.09,0.27,3.98,0.295,129.7,8.54,18.84,45.0,347.8,20.98,113.5
779,96.66,1.75,0.23,0.16,2.59,0.364,177.7,14.68,45.65,28.1,346.5,21.67,114.0
780,94.35,0.84,1.38,0.46,3.38,0.556,183.1,23.07,9.14,67.4,332.2,18.99,111.3
781,97.33,0.69,0.69,0.04,3.99,0.311,202.4,9.65,20.69,69.3,311.3,20.37,100.2
782,94.58,0.45,0.98,1.57,1.3,0.208,215.0,13.96,29.34,18.5,334.9,18.67,105.0
783,96.95,0.59,1.11,0.35,0.84,0.279,170.0,7.83,6.96,69.2,264.0,19.62,80.9
784,94.64,0.39,1.11,1.39,2.86,0.155,122.4,20.0,9.36,79.2,292.7,20.36,95.4
785,98.57,2.08,1.19,0.95,0.96,0.349,133.4,8.06,15.41,74.3,310.7,19.73,103.4
786,94.2,0.7,1.22,0.33,4.79,0.081,138.9,11.86,49.32,54.3,339.0,18.04,104.9
787,98.08,0.31,1.11,0.22,1.19,0.303,122.3,5.76,8.84,26.1,234.9,21.06,75.6
788,97.1,1.73,1.23,1.13,2.49,0.575,139.6,20.77,41.86,49.2,365.0,18.75,112.5
789,95.16,0.38,1.23,1.36,1.06,0.451,141.6,23.35,44.68,72.7,304.1,21.04,89.8
790,95.5,2.18,0.28,0.99,3.33,0.326,179.5,9.82,36.09,63.1,376.1,19.49,115.0
791,98.46,0.43,1.06,0.89,3.8,0.196,164.3,12.06,9.32,50.7,315.4,21.97,102.5
792,95.26,1.48,0.53,1.15,4.13,0.327,188.8,4.51,13.46,72.1,329.7,17.24,105.6
793,97.17,1.47,0.98,1.98,0.83,0.198,126.6,9.02,24.55,69.4,298.1,16.02,95.9
794,96.97,0.6,0.56,0.59,1.41,0.174,175.4,13.6,2.01,50.2,292.1,18.92,96.7
795,94.5,2.5,1.36,1.56,0.73,0.132,125.2,10.89,31.75,29.7,352.3,18.23,103.5
796,94.78,2.36,0.95,0.37,2.72,0.579,138.4,6.6,38.92,11.6,380.8,17.15,128.0
797,98.96,1.05,0.77,1.15,1.14,0.559,177.8,4.48,14.43,27.5,300.8,18.85,81.7
798,98.0,1.37,0.92,1.19,0.71,0.361,185.5,11.43,22.18,47.9,325.6,20.35,106.1
799,95.73,2.25,0.44,0.47,2.19,0.158,202.6,10.86,16.86,62.0,350.0,17.33,118.2
800,98.93,1.02,0.86,0.9,4.07,0.181,155.5,2.34,39.35,32.6,360.8,16.01,117.3
801,94.91,2.14,0.81,0.73,3.85,0.3,134.7,4.94,49.15,57.9,377.4,19.84,120.4
802,95.24,0.74,0.92,0.65,2.85,0.539,140.9,21.66,32.81,18.4,322.4,17.35,102.6
803,95.35,1.65,0.11,1.98,1.43,0.096,161.5,13.48,42.8,,372.1,17.32,118.8
804,94.35,1.46,1.05,0.8,3.85,0.507,123.8,5.74,7.66,11.4,361.5,16.53,114.6
805,95.79,0.6,0.27,1.6,1.81,0.353,195.8,16.38,25.86,12.5,357.9,16.7,111.6
806,98.26,1.48,0.46,1.02,3.42,0.527,214.1,15.95,39.03,64.4,364.7,21.29,113.9
807,96.27,1.64,0.81,1.04,0.53,0.55,145.7,13.15,26.74,79.9,312.5,18.1,105.2
808,96.62,2.15,0.36,0.45,1.72,0.12,125.3,6.71,48.95,62.1,305.7,20.95,98.7
809,95.88,0.36,1.14,1.83,1.39,0.515,142.3,13.31,6.02,50.2,289.9,20.59,97.2
810,94.29,2.45,0.5,0.5,3.16,0.055,198.8,13.37,10.03,9.9,399.9,16.61,140.7
811,96.93,2.61,0.48,0.68,1.07,0.226,199.0,2.9,2.98,6.9,369.9,17.26,117.6
812,96.99,2.12,0.91,0.06,3.14,0.517,152.1,22.79,26.45,26.0,367.8,18.85,121.0
813,98.34,2.81,1.16,1.96,2.35,0.089,189.3,14.44,37.86,20.3,440.4,18.45,139.4
814,97.49,2.94,0.29,0.83,2.37,0.59,203.7,17.55,21.96,8.7,440.9,15.44,136.5
815,97.4,1.62,0.85,1.92,3.35,0.401,162.2,21.37,31.09,37.0,391.0,19.02,111.7
816,98.84,0.27,0.87,1.57,3.83,0.471,165.0,9.55,18.09,28.0,316.3,19.77,98.6
817,95.64,1.98,1.24,0.63,0.05,0.098,121.3,14.18,19.42,56.6,288.8,21.05,90.9
818,97.81,0.72,1.4,0.16,3.48,0.586,147.5,20.79,41.11,5.3,399.1,17.57,130.1
819,94.23,0.36,0.41,1.2,2.54,0.33,127.2,3.84,5.62,75.9,254.2,19.74,79.8
820,95.24,0.74,0.92,0.65,2.85,0.539,140.9,21.66,32.81,18.4,322.4,17.35,102.6
821,95.34,2.84,1.31,0.47,4.83,0.563,216.8,9.35,23.13,74.3,414.9,14.83,132.3
822,95.01,2.0,1.43,0.17,2.18,0.579,197.3,17.62,25.08,46.7,337.8,20.27,110.2
823,95.63,1.83,0.66,1.82,4.44,0.508,164.4,9.26,41.05,50.5,384.5,21.56,115.2
824,98.07,1.62,0.68,0.35,4.47,0.055,155.5,18.62,17.55,13.7,399.8,19.67,131.3
825,95.05,0.66,0.95,1.67,1.03,0.55,216.0,7.47,41.91,10.5,343.4,22.21,112.9
826,95.6,2.2,0.43,1.19,4.84,0.274,169.3,22.22,32.07,16.2,449.9,16.74,147.8
827,95.67,1.05,0.62,1.87,3.26,0.157,120.7,2.26,21.08,27.2,328.5,23.43,104.2
828,94.09,0.42,1.37,0.85,3.14,0.224,159.6,15.92,17.2,51.8,337.8,19.09,102.3
829,97.79,1.91,0.76,0.36,2.57,0.444,131.9,18.35,6.05,26.6,341.0,20.28,100.8
830,96.75,2.87,0.31,0.0,3.59,0.315,202.5,12.14,20.34,70.3,374.7,18.53,113.0
831,97.49,2.9,0.28,1.26,3.92,0.161,219.7,10.03,48.63,37.5,414.5,15.8,118.4
832,98.83,2.55,0.8,1.12,2.64,0.489,145.6,4.01,19.02,34.0,347.7,18.75,112.2
833,97.42,2.62,0.74,1.42,0.17,0.552,194.6,11.05,3.96,,329.1,22.17,113.3
834,95.22,1.27,0.38,1.13,3.23,0.33,208.4,6.87,16.77,54.0,310.6,21.9,108.4
835,94.22,2.63,1.35,1.19,1.49,0.406,208.3,16.77,32.14,47.3,389.0,19.87,130.2
836,98.93,1.74,0.15,0.06,0.14,0.479,147.7,22.75,9.24,21.1,303.5,19.8,95.2
837,98.36,1.38,1.5,1.82,1.36,0.507,213.7,14.32,33.4,33.0,347.5,16.13,104.2
838,97.29,1.21,0.78,0.08,0.04,0.17,123.3,2.74,43.52,25.4,263.2,19.18,76.8
839,96.66,0.56,0.7,0.11,1.05,0.549,180.6,4.36,38.88,42.2,272.2,20.02,87.0
840,94.31,1.03,1.13,0.08,1.77,0.16,145.3,4.28,31.5,74.4,279.0,22.67,98.4
841,94.07,1.57,1.47,0.76,3.47,0.367,191.3,2.26,20.19,32.9,347.8,20.97,110.4
842,95.62,2.02,1.27,0.94,1.76,0.106,143.4,9.13,30.63,19.4,368.8,18.66,123.3
843,95.61,1.69,0.47,0.62,0.5,0.252,152.7,13.07,1.01,44.9,292.2,20.9,94.5
844,97.52,1.47,0.37,1.03,3.02,0.182,181.4,7.82,28.12,62.7,325.4,20.88,105.6
845,94.43,0.39,0.8,0.36,0.13,0.279,190.8,12.76,20.32,31.4,280.8,20.62,81.5
846,98.69,2.15,0.48,1.16,4.17,0.475,184.8,21.56,28.09,56.4,408.7,18.14,132.7
847,95.96,2.26,1.12,0.48,3.06,0.433,148.3,15.02,21.5,36.5,360.2,19.96,123.0
848,96.68,1.41,1.17,0.85,0.05,0.094,195.1,22.08,31.26,19.8,328.5,16.07,104.0
849,94.53,0.29,0.14,1.56,2.98,0.564,126.9,14.72,24.14,,292.0,22.16,96.4
850,94.98,0.59,1.1,0.92,0.83,0.258,122.3,8.36,6.82,64.9,227.9,21.04,77.7
851,96.31,0.32,1.42,0.73,4.92,0.494,214.4,14.41,35.63,12.5,381.9,19.09,125.4
852,98.86,0.88,0.15,1.38,3.66,0.486,209.8,10.84,45.24,64.2,328.4,18.59,97.2
853,94.71,2.32,0.77,1.34,3.32,0.447,168.9,9.55,1.26,64.7,360.9,19.79,119.4
854,98.97,2.81,1.36,0.83,0.5,0.194,124.0,10.32,5.72,57.6,332.4,19.83,102.7
855,94.89,1.59,0.21,1.48,3.79,0.562,186.1,18.11,42.59,39.8,405.9,18.13,126.1
856,98.49,0.41,1.23,0.13,2.87,0.404,122.5,2.21,26.35,51.1,257.4,22.45,87.2
857,95.71,2.74,0.2,0.05,0.52,0.491,169.5,18.1,26.13,79.8,331.3,18.04,104.4
858,95.2,1.82,0.26,1.82,0.26,0.347,124.2,4.0,6.22,62.9,283.9,20.97,90.6
859,96.13,1.32,1.44,0.16,3.76,0.17,170.4,3.56,1.35,27.0,324.9,19.92,102.4
860,97.5,0.86,1.39,1.98,0.04,0.359,124.4,2.92,17.89,43.3,268.4,21.23,77.4
861,98.57,0.52,0.41,0.7,2.94,0.252,147.1,2.42,15.07,51.0,269.0,20.33,93.1
862,95.23,0.32,0.12,1.3,3.89,0.233,139.4,7.57,24.08,15.0,320.4,19.88,107.9
863,98.68,2.13,1.25,0.71,2.19,0.391,180.8,13.82,4.85,50.0,341.1,18.66,109.8
864,97.51,2.43,0.26,1.11,2.42,0.514,207.2,13.74,36.31,14.8,389.8,17.64,136.5
865,95.03,1.52,0.76,0.8,0.82,0.361,215.1,3.28,45.36,66.1,291.4,18.26,87.5
866,95.29,2.04,0.92,1.6,2.75,0.062,188.7,12.2,27.58,27.5,395.6,17.08,125.0
867,95.4,0.89,0.12,1.15,3.31,0.243,159.4,23.56,5.83,35.1,321.3,20.74,98.4
868,97.03,2.25,0.94,0.27,4.74,0.493,136.4,10.58,24.0,17.7,374.9,17.7,115.3
869,95.35,2.8,0.19,1.4,0.15,0.097,158.3,18.19,41.74,71.7,353.4,20.27,117.3
870,95.74,1.3,0.79,0.19,0.85,0.281,191.9,3.47,23.42,74.1,282.3,20.54,81.1
871,96.46,1.49,1.09,1.36,1.3,0.457,207.9,16.02,20.01,50.4,317.2,19.93,96.8
872,98.39,1.59,1.21,0.45,4.68,0.186,132.0,16.49,45.58,,378.1,17.07,117.7
873,94.18,1.39,0.78,0.42,4.7,0.142,146.8,13.3,34.71,56.0,355.0,18.4,118.6
874,98.28,0.71,1.49,0.83,3.02,0.143,198.9,10.6,24.17,28.2,321.3,20.9,94.3
875,96.83,1.19,0.58,1.99,4.4,0.196,166.8,12.32,26.81,69.5,380.7,17.66,118.6
876,96.78,1.39,0.86,1.27,1.52,0.055,201.0,16.69,23.56,59.7,334.4,18.08,106.6
877,95.19,2.82,0.24,1.16,1.06,0.492,174.3,22.91,35.14,74.3,367.5,17.62,115.6
878,96.01,1.41,1.07,1.1,0.04,0.186,218.1,21.17,27.4,31.8,316.2,19.95,101.4
879,94.89,2.09,1.08,1.37,4.61,0.542,132.7,15.29,40.74,63.1,386.7,19.04,115.9
880,97.48,0.36,0.24,0.34,3.31,0.104,210.8,16.93,25.63,21.1,317.9,19.18,109.9
881,97.07,2.92,0.6,0.28,2.83,0.41,164.1,2.12,23.34,23.3,349.9,17.41,99.9
882,97.74,2.4,0.92,1.64,4.34,0.364,210.1,23.16,7.96,65.8,417.7,16.31,142.5
883,97.63,1.41,0.48,1.06,0.6,0.184,136.2,13.65,46.36,74.5,301.4,20.04,102.5
884,96.0,2.72,0.1,0.05,1.22,0.563,181.8,22.04,5.03,7.8,398.3,18.23,117.7
885,97.6,2.64,1.24,0.29,4.56,0.594,193.2,14.39,40.89,56.0,423.4,17.01,147.1
886,95.77,0.39,1.33,0.93,0.67,0.122,187.8,5.08,19.76,5.8,324.0,20.41,103.4
887,97.2,2.26,1.22,1.75,2.85,0.216,141.9,6.48,15.76,17.7,396.0,18.44,118.1
888,96.62,2.11,0.15,1.69,4.1,0.351,191.5,14.56,47.0,57.5,405.6,16.96,132.5
889,96.06,1.23,0.23,1.75,3.54,0.503,124.9,12.14,3.62,33.6,340.9,20.45,106.5
890,94.59,0.85,0.17,1.66,1.94,0.38,187.2,5.15,18.34,59.3,299.2,18.02,90.6
891,96.57,0.97,1.44,1.74,0.84,0.121,131.0,23.69,43.74,74.4,324.0,21.11,99.9
892,97.25,2.33,0.18,1.76,1.18,0.251,121.3,17.62,19.24,25.5,355.9,18.79,110.7
893,98.74,2.24,1.21,0.09,3.21,0.353,203.9,19.91,44.77,55.9,374.3,17.57,118.6
894,98.48,1.89,0.69,1.11,0.44,0.126,161.3,17.62,17.2,52.1,346.7,18.81,117.3
895,98.65,1.82,0.93,0.88,3.99,0.203,219.0,10.88,43.03,24.9,398.0,17.17,123.4
896,94.78,0.76,0.76,0.27,3.52,0.266,168.1,8.52,21.77,48.1,326.0,21.12,116.0
897,98.46,1.99,0.79,1.68,3.63,0.479,186.4,8.24,38.79,67.3,382.1,17.17,129.8
898,96.62,2.46,0.69,1.99,4.06,0.577,214.9,17.12,48.73,52.2,424.4,17.33,136.8
899,96.75,0.37,1.36,1.89,1.59,0.39,156.9,8.89,14.61,61.0,281.3,23.71,77.8
900,95.29,2.65,1.34,1.47,1.47,0.178,165.7,12.34,19.36,34.2,384.3,20.04,129.5
901,96.51,1.24,0.67,0.82,3.71,0.318,167.1,10.22,16.03,74.7,332.0,21.53,100.6
902,96.83,0.39,1.33,0.15,3.41,0.222,165.5,23.12,32.74,14.8,343.6,16.9,118.3
903,94.7,1.85,1.04,0.04,3.19,0.236,205.3,11.15,21.29,13.3,398.4,18.92,120.0
904,96.42,2.37,0.57,1.62,2.06,0.347,192.8,8.72,13.76,44.8,370.2,19.91,126.7
905,97.23,0.77,1.43,1.87,3.64,0.527,148.0,15.34,36.76,74.3,354.7,19.26,117.0
906,96.32,1.23,0.31,0.66,3.87,0.581,213.6,2.21,41.57,8.2,339.1,18.48,109.8
907,94.96,0.4,0.51,0.89,1.97,0.556,143.4,4.37,10.87,29.2,251.3,23.64,79.2
908,95.02,2.42,0.19,1.22,1.55,0.543,210.5,21.85,9.16,30.1,392.5,15.96,120.8
909,94.42,2.18,0.6,0.4,2.38,0.353,179.2,2.99,49.28,68.9,341.3,17.98,108.7
910,98.92,1.89,0.32,1.21,2.59,0.336,138.3,2.43,3.35,6.1,361.2,19.41,132.6
911,97.53,2.23,1.2,0.5,0.35,0.327,157.9,12.29,20.09,23.0,330.1,21.01,107.6
912,96.05,2.2,1.3,1.48,4.83,0.321,203.3,2.01,1.13,40.5,383.5,19.02,117.7
913,96.52,2.86,0.64,0.05,1.55,0.054,214.6,15.41,26.11,6.7,447.3,18.48,135.3
914,98.21,0.48,0.35,1.8,4.99,0.153,194.8,20.22,36.21,8.5,411.6,18.48,132.1
915,94.43,1.0,0.39,0.76,1.45,0.099,150.3,20.02,35.25,18.1,300.2,19.41,91.5
916,98.03,2.21,1.49,1.74,1.38,0.361,127.4,16.7,40.98,53.0,375.0,16.92,120.6
917,95.88,2.39,0.89,1.7,2.28,0.085,152.0,11.66,38.1,32.1,403.7,18.46,130.5
918,96.81,2.13,0.64,0.47,1.2,0.36,169.3,22.65,42.48,32.1,353.7,19.05,113.4
919,94.49,2.04,1.02,1.67,1.74,0.169,145.7,21.37,8.59,58.8,365.7,19.37,121.6
920,98.38,2.93,1.39,0.51,2.67,0.469,144.7,9.46,39.98,64.9,390.3,18.92,130.0
921,98.91,1.72,1.31,1.16,2.05,0.522,174.4,18.3,24.53,,345.1,20.39,118.4
922,98.39,2.07,0.32,0.11,1.71,0.446,195.3,4.36,29.4,67.0,323.7,18.77,100.4
923,97.39,2.92,0.67,1.09,2.38,0.079,187.4,10.65,38.54,34.3,407.7,15.45,133.7
924,94.85,0.29,1.17,1.32,2.18,0.27,207.1,10.17,43.29,79.1,325.0,18.62,103.2
925,98.07,1.77,1.25,0.26,0.67,0.173,196.9,18.41,29.42,11.3,370.4,16.61,128.2
926,97.02,1.94,0.48,0.57,4.68,0.27,132.7,20.27,47.95,13.4,397.9,16.68,131.7
927,94.89,1.19,0.45,0.25,4.79,0.251,218.6,17.95,15.97,71.1,337.0,19.12,105.3
928,98.26,2.63,0.62,1.23,0.93,0.236,146.8,7.01,3.73,54.1,345.9,19.23,113.5
929,96.58,1.82,0.27,1.03,1.83,0.257,161.5,18.37,42.4,64.2,343.4,19.94,105.9
930,97.36,0.93,0.81,0.8,1.29,0.327,194.2,22.48,26.44,15.9,347.6,19.25,108.2
931,96.24,2.07,1.18,0.52,3.04,0.284,164.8,17.6,1.69,23.7,378.1,19.23,124.8
932,94.51,1.09,0.67,0.83,0.72,0.175,145.8,22.76,36.4,34.4,297.2,20.54,106.3
933,98.22,1.88,0.97,1.0,0.35,0.591,132.6,20.57,26.73,,311.7,18.77,104.8
934,95.75,0.47,0.7,1.48,0.76,0.198,210.1,10.61,33.04,25.0,307.4,21.65,110.7
935,98.09,2.37,0.2,1.15,3.64,0.483,129.5,21.22,5.37,7.8,407.3,16.99,140.7
936,97.75,1.56,0.26,1.16,3.38,0.562,137.6,15.94,47.67,48.5,338.7,21.42,103.8
937,96.59,1.35,0.26,0.98,4.19,0.122,197.2,9.25,41.46,63.9,358.7,19.2,112.9
938,95.3,0.98,0.62,1.17,3.28,0.518,194.2,5.62,35.94,33.1,340.0,19.76,115.8
939,98.0,0.93,0.55,1.15,1.33,0.571,207.3,22.88,39.06,,318.0,22.31,103.5
940,95.47,2.39,0.54,0.14,0.06,0.401,153.4,19.84,9.55,44.9,317.7,18.01,101.2
941,94.91,0.92,0.88,0.32,4.17,0.149,153.3,8.16,18.67,67.5,344.3,18.97,104.5
942,97.32,2.12,0.41,1.0,3.17,0.159,201.6,19.18,31.87,5.6,448.0,16.55,144.5
943,96.41,2.39,0.71,1.19,3.16,0.212,208.5,10.32,42.44,80.0,377.4,19.37,111.2
944,97.57,2.94,0.38,1.4,3.04,0.277,140.0,9.66,26.12,19.5,412.9,17.21,126.6
945,97.17,1.94,0.17,1.06,1.46,0.187,174.1,16.44,48.57,41.4,349.5,18.57,112.0
946,96.87,1.11,0.33,0.39,3.78,0.268,159.7,9.62,17.3,8.3,368.4,18.3,118.8
947,97.48,0.52,1.29,1.64,1.1,0.535,161.8,8.34,33.45,37.2,298.6,20.64,102.1
948,96.47,0.76,0.79,0.06,0.4,0.458,217.8,23.52,28.05,16.5,313.2,18.76,91.5
949,94.13,1.98,1.47,1.87,0.45,0.159,156.4,5.74,27.07,14.6,372.1,19.19,126.7
950,94.29,2.11,0.61,1.65,0.39,0.335,145.3,2.08,40.88,26.8,343.8,20.41,107.7
951,97.58,0.87,1.28,0.84,2.9,0.156,181.0,8.39,15.44,28.2,340.7,20.38,109.3
952,96.0,2.72,0.1,0.05,1.22,0.563,181.8,22.04,5.03,7.8,398.3,18.23,117.7
953,95.67,2.82,0.22,1.2,4.1,0.586,200.1,13.71,30.45,9.9,447.0,16.13,133.5
954,97.32,2.46,0.49,0.7,4.24,0.235,217.1,7.5,31.64,70.8,386.6,17.53,125.4
955,97.03,0.9,1.3,0.72,3.28,0.305,212.3,12.48,10.59,65.4,312.4,21.1,109.7
956,96.86,0.23,0.67,1.74,1.13,0.255,141.0,10.78,21.97,30.8,298.3,25.0,88.7
957,97.22,0.77,1.11,0.42,3.2,0.391,193.3,16.6,40.49,22.5,350.4,18.01,116.3
958,98.64,0.7,0.6,1.31,3.01,0.384,190.8,11.88,20.93,58.5,333.8,18.62,103.2
959,98.0,2.34,0.5,1.17,1.37,0.47,125.7,10.07,17.23,36.3,355.2,17.07,112.7
960,97.16,2.63,0.64,0.44,0.61,0.265,186.6,17.11,33.4,,394.3,17.05,126.7
961,98.39,3.0,0.95,0.21,3.69,0.513,157.3,14.19,34.96,7.5,450.7,16.68,145.3
962,98.09,2.6,0.62,1.47,4.48,0.177,139.9,7.55,23.2,76.2,391.0,18.4,128.7
963,94.98,1.95,0.8,1.18,1.02,0.327,202.1,10.77,37.73,41.4,352.5,20.02,116.2
964,97.95,0.3,0.84,0.63,0.72,0.267,187.7,4.3,44.82,49.5,253.8,20.95,76.6
965,95.47,1.82,1.01,0.98,2.24,0.494,128.3,21.27,26.9,39.8,350.1,21.43,112.9
966,98.36,1.17,1.0,0.64,3.42,0.348,190.4,10.26,17.7,5.3,407.1,15.86,132.9
967,94.42,0.67,0.18,1.88,2.37,0.271,189.1,17.71,10.8,15.3,372.5,18.11,115.3
968,94.82,0.38,1.27,1.63,1.46,0.494,136.9,22.91,43.75,56.7,303.5,20.37,94.8
969,97.4,2.65,0.81,1.02,3.08,0.54,174.8,16.02,32.92,57.1,374.3,17.8,114.5
970,98.61,0.99,0.65,0.25,3.58,0.34,130.4,14.55,25.1,54.2,318.8,18.75,93.8
971,96.8,2.4,0.2,0.79,3.91,0.217,121.5,2.98,19.08,31.7,334.3,20.82,98.3
972,98.13,1.19,1.44,0.31,3.59,0.53,210.4,23.82,30.76,61.7,360.9,17.86,111.2
973,95.16,0.75,0.69,1.95,2.26,0.097,171.0,9.99,12.92,34.8,335.4,19.44,109.7
974,98.19,2.76,0.29,0.89,0.8,0.107,124.9,22.82,30.7,14.9,353.5,18.5,107.6
975,94.2,2.05,0.87,0.21,3.44,0.528,142.3,8.31,48.82,14.0,389.3,18.19,118.8
976,95.21,1.47,1.1,1.96,3.85,0.13,162.4,16.76,1.98,55.9,384.1,16.71,122.3
977,97.26,0.5,0.64,0.05,2.5,0.164,215.1,15.44,1.49,9.4,323.0,20.86,117.0
978,94.07,2.21,0.18,1.25,0.5,0.346,142.5,7.55,12.14,29.3,306.5,21.75,101.2
979,97.19,1.16,0.12,0.5,1.66,0.478,133.0,7.22,28.36,32.2,299.1,20.3,90.0
980,97.08,1.3,0.76,1.63,4.66,0.116,167.9,11.54,42.6,61.6,368.2,16.64,115.1
981,95.42,2.28,0.22,0.01,3.97,0.481,171.3,10.76,14.0,30.5,358.3,16.19,114.2
982,97.69,0.92,0.25,0.36,2.73,0.422,172.4,10.45,6.08,30.7,312.9,20.2,103.0
983,97.74,2.91,1.0,1.28,1.21,0.431,153.6,4.52,39.73,55.5,352.5,17.72,102.1
984,94.77,1.2,0.11,0.87,2.85,0.495,145.8,22.6,3.23,25.3,331.3,17.71,109.1
985,94.47,0.22,0.63,0.44,1.2,0.442,169.6,15.34,46.87,51.4,272.7,19.58,89.9
986,94.7,2.67,1.18,0.05,0.72,0.277,173.0,17.96,35.59,28.4,359.9,18.62,119.0
987,95.33,1.38,0.2,0.87,1.43,0.431,205.8,13.65,1.55,23.4,304.5,17.5,96.3
988,98.57,2.25,1.16,1.23,1.33,0.471,216.4,23.47,5.43,,373.5,17.21,125.4
989,98.85,1.46,0.3,0.29,4.27,0.5,137.1,23.57,13.07,61.8,337.3,17.0,117.8
990,97.01,0.97,1.48,1.85,1.23,0.395,158.3,13.21,11.06,63.2,323.1,22.03,105.9
991,97.61,2.37,0.19,0.52,1.16,0.303,206.3,13.26,13.08,26.0,344.2,19.81,117.3
992,98.48,0.32,0.28,1.24,3.59,0.462,192.7,8.51,12.12,64.1,312.9,20.5,95.4
993,95.21,0.77,1.28,1.82,1.37,0.492,164.2,17.45,34.18,64.0,336.4,18.91,103.1
994,99.0,1.95,1.03,0.44,1.58,0.546,134.1,7.0,12.38,15.5,335.7,19.02,105.3
995,97.34,1.0,1.46,1.47,3.77,0.32,173.2,22.87,31.0,24.6,396.9,18.41,138.8
996,98.66,1.41,1.3,0.58,0.22,0.474,205.3,4.95,35.63,13.0,310.1,20.28,104.3
997,98.82,2.49,0.59,1.69,1.52,0.471,154.2,9.71,44.81,24.8,387.1,18.4,128.8
998,98.3,2.41,1.44,0.18,1.13,0.215,193.8,19.19,11.02,36.5,354.1,19.26,126.7
999,95.96,0.96,1.14,1.2,0.73,0.569,171.0,16.54,13.25,73.0,301.7,21.36,86.9
1000,95.7,2.7,0.42,0.66,4.43,0.196,190.3,17.96,22.75,49.2,402.3,17.49,129.5
1001,94.98,1.58,0.98,1.02,4.69,0.32,124.4,10.4,10.58,15.1,387.4,17.48,123.6
1002,95.92,0.87,0.21,1.13,1.91,0.248,138.1,19.34,25.98,43.1,294.9,20.97,92.4
1003,96.09,1.44,0.94,1.66,2.11,0.478,122.2,12.71,22.78,75.4,329.5,17.26,107.6
1004,98.74,0.29,0.5,0.7,0.78,0.179,174.4,20.97,33.58,24.2,308.3,19.02,103.2
1005,94.12,2.17,1.17,0.24,4.85,0.408,142.8,12.05,13.0,24.1,392.0,19.17,113.3
1006,94.03,1.16,1.19,1.41,4.68,0.194,181.8,12.92,24.64,24.3,389.2,17.45,123.6
1007,95.88,1.72,0.12,1.92,4.19,0.469,163.9,5.88,18.91,33.6,396.7,18.45,124.6
1008,94.38,1.98,0.17,0.26,2.23,0.309,154.2,10.27,42.61,8.3,385.1,18.62,124.6
1009,94.86,2.21,1.35,1.11,3.39,0.571,188.1,10.5,30.25,38.7,379.6,17.6,122.6
1010,96.29,2.39,0.98,0.06,1.63,0.182,131.3,13.51,24.73,67.6,322.1,21.36,110.4
1011,95.85,1.44,1.0,0.82,3.33,0.457,184.5,7.83,35.8,58.4,338.8,19.93,109.8
1012,94.44,1.03,0.97,1.93,1.24,0.494,151.5,11.59,16.75,36.6,327.4,20.75,101.7
1013,97.8,1.79,1.17,1.55,3.05,0.236,130.6,12.31,20.27,67.6,369.5,21.28,130.3
1014,96.74,0.78,1.28,1.38,0.83,0.323,162.4,11.2,6.54,43.5,294.4,20.62,90.6
1015,97.52,2.11,0.86,0.32,0.4,0.154,155.1,3.76,34.18,72.5,292.2,21.9,88.1
1016,94.2,2.9,0.6,0.22,1.41,0.155,175.8,4.43,18.07,17.1,358.5,17.91,116.5
1017,96.98,0.33,1.49,0.62,2.37,0.206,165.2,6.16,37.38,,297.6,20.68,96.3
1018,96.93,0.64,1.38,1.08,2.63,0.217,142.8,2.34,27.54,72.5,296.3,21.23,101.1
1019,94.93,0.57,0.45,1.63,4.22,0.134,155.8,2.67,16.2,20.9,368.6,19.35,118.0
1020,96.66,1.54,1.47,0.76,2.89,0.293,203.3,20.22,19.28,70.6,362.7,19.41,109.3
1021,98.5,1.2,0.38,1.3,4.9,0.176,212.1,21.01,43.41,8.2,413.5,17.48,141.9
1022,96.9,0.57,1.41,0.64,0.42,0.549,149.9,6.16,2.84,79.2,255.6,20.05,76.7
1023,95.63,1.65,1.47,1.13,4.42,0.302,170.4,18.85,23.08,57.1,402.9,16.43,125.5
1024,94.47,0.86,1.25,0.43,4.88,0.434,185.0,20.64,13.39,54.5,358.6,17.79,114.2
1025,96.2,0.72,0.32,0.42,1.37,0.527,163.4,11.11,2.06,40.6,273.6,22.47,99.7
1026,95.31,2.54,1.19,0.63,1.88,0.29,148.8,7.43,45.15,28.0,363.5,17.97,107.5
1027,94.54,2.47,0.49,0.04,2.98,0.402,135.8,11.99,40.18,66.3,334.9,18.84,108.9
1028,94.17,1.8,0.18,0.45,4.65,0.486,179.8,23.12,1.1,65.6,379.5,18.46,131.5
1029,97.71,1.2,0.74,0.96,2.29,0.285,128.0,21.69,2.4,10.2,342.7,16.91,103.0
1030,95.78,1.47,0.9,0.07,1.67,0.365,120.0,19.68,2.92,,270.1,18.97,88.0
1031,96.46,2.07,0.33,0.77,3.0,0.146,141.0,11.0,49.78,59.6,366.1,20.47,126.5
1032,94.56,1.85,1.43,0.8,1.65,0.399,185.4,19.25,31.56,50.7,358.7,17.84,119.3
1033,95.25,2.64,0.25,1.77,0.81,0.148,211.4,18.13,9.46,35.9,389.1,18.09,126.9
1034,95.67,2.26,0.7,1.92,3.05,0.098,125.7,12.91,41.23,55.9,393.2,19.03,128.0
1035,94.91,0.64,0.88,0.58,2.82,0.071,158.9,20.62,37.22,13.0,357.8,19.7,104.0
1036,95.58,1.8,0.17,1.88,0.42,0.06,180.4,14.84,29.12,65.2,329.1,17.22,98.3
1037,94.46,1.77,0.99,1.34,0.84,0.082,135.7,4.8,45.56,62.4,319.9,19.02,103.5
1038,97.99,1.04,0.2,1.02,3.24,0.286,171.6,8.03,49.88,63.6,323.5,14.93,102.8
1039,96.82,2.02,0.65,0.83,4.81,0.55,168.1,19.05,1.99,32.9,397.0,19.59,125.4
1040,96.13,2.96,1.19,1.62,0.65,0.389,148.3,6.01,21.23,47.7,376.7,17.78,114.0
1041,94.58,1.6,1.21,0.78,4.12,0.246,180.6,23.04,17.12,74.9,390.4,18.75,138.0
1042,98.1,2.06,1.03,1.46,1.06,0.067,156.5,14.08,7.84,53.1,848.75,19.46,101.6
1043,94.39,0.58,0.5,0.16,3.03,0.064,189.0,14.73,36.32,14.9,352.8,20.55,104.8
1044,98.16,0.54,0.9,1.72,4.54,0.523,164.7,15.66,29.79,70.8,367.9,18.98,115.7
1045,97.19,1.18,1.31,0.77,3.42,0.163,148.4,13.31,15.6,26.3,345.8,17.17,120.6
1046,95.4,0.23,0.97,1.1,1.57,0.181,200.6,23.9,15.97,11.4,358.7,19.1,119.4
1047,96.3,2.37,1.27,0.96,4.48,0.114,130.7,9.49,11.05,49.3,363.3,18.93,114.4
1048,96.56,1.12,1.35,0.08,4.86,0.375,159.8,3.32,30.36,,345.1,18.22,109.6
1049,94.47,0.86,1.25,0.43,4.88,0.434,185.0,20.64,13.39,54.5,358.6,17.79,114.2
1050,94.45,1.21,0.9,0.5,3.13,0.471,217.6,8.41,47.76,21.3,361.3,18.68,115.6
1051,96.45,2.23,1.43,1.38,3.37,0.085,174.4,11.09,38.65,11.1,455.0,15.63,146.7
1052,94.41,0.26,0.59,0.47,0.26,0.07,163.2,3.15,28.95,12.4,268.4,23.34,84.1
1053,95.6,2.66,0.45,0.07,4.74,0.076,151.3,6.47,44.42,15.6,419.5,14.83,140.9
1054,95.12,0.75,0.83,1.36,3.78,0.562,155.3,12.47,8.48,74.7,339.0,18.96,112.6
1055,97.12,0.72,1.09,0.18,2.26,0.16,217.4,17.58,17.02,56.7,293.5,22.27,95.0
1056,98.05,2.15,1.29,0.81,4.79,0.45,212.2,20.24,31.02,39.1,409.7,17.59,135.1
1057,95.29,2.33,0.72,1.52,0.9,0.435,148.5,5.95,19.44,14.7,379.7,20.57,119.5
1058,98.95,2.14,1.1,0.17,1.66,0.098,139.2,21.71,23.07,50.6,327.3,19.48,108.6
1059,97.29,1.09,1.2,0.7,3.33,0.489,139.6,23.91,32.18,57.7,320.6,21.02,104.4
1060,98.81,0.92,1.02,1.81,1.71,0.307,214.4,14.89,1.46,51.7,343.5,19.49,107.5
1061,96.93,1.35,1.35,0.84,3.78,0.302,170.8,9.21,38.08,18.5,377.6,18.44,114.3
1062,94.33,1.93,0.19,1.34,3.23,0.505,137.8,16.46,47.83,21.2,373.7,16.99,124.1
1063,98.95,2.02,1.33,1.22,4.61,0.518,156.7,11.07,26.56,11.7,425.5,18.19,139.2
1064,94.07,2.43,0.63,0.52,4.92,0.226,164.1,22.76,15.6,72.6,402.3,19.82,120.1
1065,95.75,2.52,1.19,1.32,4.49,0.136,126.2,13.94,29.08,32.0,408.7,19.72,132.8
1066,98.36,2.0,1.4,0.62,4.58,0.436,218.9,7.55,25.44,10.8,425.3,19.74,145.4
1067,94.62,1.3,0.45,0.81,0.57,0.177,131.4,22.63,35.57,58.2,311.8,19.06,93.4
1068,96.7,0.97,0.62,1.66,4.76,0.312,158.8,9.42,1.28,69.5,342.6,19.43,109.4
1069,98.75,0.4,0.66,1.26,2.44,0.456,122.6,4.33,14.98,69.2,258.2,25.0,78.9
1070,98.7,2.55,1.09,0.1,2.37,0.57,172.9,6.62,33.68,54.7,347.9,19.61,103.0
1071,98.37,2.37,0.49,1.02,2.28,0.569,128.6,17.04,24.05,73.3,342.2,21.16,120.0
1072,94.17,0.52,0.12,1.72,2.48,0.461,193.3,13.38,9.47,28.2,327.2,19.83,105.4
1073,94.93,2.94,0.19,0.4,1.5,0.071,139.1,17.11,10.49,18.3,379.9,18.9,116.9
1074,95.36,2.69,1.15,1.18,3.41,0.311,126.4,6.65,21.96,58.1,369.8,17.34,106.1
1075,94.7,3.0,0.72,1.08,4.17,0.051,209.4,5.72,22.34,50.5,431.7,16.05,139.9
1076,97.96,1.5,1.4,0.82,1.5,0.594,206.1,3.85,9.68,,344.1,17.72,109.1
1077,95.39,0.31,0.19,1.77,4.23,0.57,214.1,4.11,46.71,80.0,334.7,20.4,95.8
1078,97.54,2.99,0.74,1.94,4.3,0.189,199.5,10.36,37.12,49.7,446.3,17.21,136.7
1079,95.44,1.63,0.34,1.39,2.94,0.151,189.6,9.92,5.86,52.2,355.1,17.62,116.1
1080,94.79,2.73,0.48,0.02,1.54,0.335,148.2,4.35,9.95,55.9,336.0,21.21,111.4
1081,97.84,0.57,1.09,1.19,4.83,0.091,128.8,15.41,2.93,17.4,347.2,20.82,109.1
1082,96.6,2.33,0.62,1.46,2.25,0.129,150.3,7.41,43.04,18.3,381.5,19.82,126.6
1083,97.11,1.26,1.18,1.08,2.11,0.449,141.3,12.37,41.72,59.9,318.1,19.01,88.6
1084,96.98,0.98,1.17,0.82,3.13,0.462,143.6,17.3,48.85,14.6,374.0,22.41,122.4
1085,95.59,2.64,0.52,1.87,2.99,0.052,168.2,5.45,35.99,29.4,413.7,20.65,128.4
1086,97.41,0.62,0.96,1.57,2.32,0.547,169.2,17.78,16.16,30.1,825.75,18.86,104.3
1087,97.9,0.5,0.38,0.28,4.76,0.18,122.8,23.03,36.64,56.9,300.3,21.46,100.0
1088,98.11,0.27,0.67,0.37,4.87,0.231,209.5,8.28,30.71,61.6,315.8,21.02,100.9
1089,98.44,0.29,0.92,0.13,0.13,0.44,214.8,7.09,19.77,66.4,239.9,23.46,82.7
1090,95.15,2.73,1.16,1.6,4.08,0.372,199.7,17.43,11.77,62.9,434.8,18.9,140.0
1091,96.14,0.49,1.31,1.34,1.49,0.519,168.7,14.22,37.43,21.2,300.8,20.24,89.1
1092,96.91,0.67,0.35,1.91,2.71,0.318,129.0,4.81,17.61,16.7,319.6,19.22,96.4
1093,95.87,0.32,1.24,0.33,3.12,0.378,203.0,4.72,26.06,69.7,297.2,18.8,97.1
1094,97.63,2.02,0.53,1.15,4.47,0.426,204.1,23.7,9.21,10.1,430.0,15.79,143.4
1095,97.46,0.51,0.11,0.92,3.53,0.118,164.7,22.04,41.59,55.7,330.0,19.26,106.9
1096,94.67,0.3,0.71,1.17,2.46,0.217,200.3,17.76,49.9,30.6,343.2,21.55,100.9
1097,95.92,1.43,1.35,1.6,0.56,0.424,182.5,9.81,24.92,43.2,346.0,19.29,115.4
1098,97.08,1.66,1.01,1.48,1.18,0.261,186.9,2.98,4.63,9.7,359.0,17.18,113.8
1099,96.88,2.6,1.02,0.18,2.28,0.221,148.8,12.14,24.47,26.9,382.6,16.69,132.9
1100,98.09,0.32,1.12,1.98,4.49,0.079,196.4,9.49,31.91,39.0,359.7,19.64,121.6
1101,94.47,0.22,0.63,0.44,1.2,0.442,169.6,15.34,46.87,51.4,272.7,19.58,89.9
1102,96.68,2.17,1.24,1.5,2.09,0.155,180.5,17.36,38.34,74.0,365.4,19.95,113.2
1103,98.85,0.69,0.93,1.54,4.7,0.34,127.4,10.22,3.79,66.3,317.9,17.69,96.4
1104,97.1,1.61,1.07,0.68,0.92,0.214,208.1,20.3,8.91,28.8,360.1,21.02,119.9
1105,97.32,1.77,0.7,1.66,4.1,0.142,146.8,17.3,38.22,66.6,383.3,20.36,122.9
1106,95.48,0.49,0.13,0.73,1.05,0.251,154.2,12.23,45.54,79.0,246.2,21.31,75.7
1107,98.71,2.5,0.29,0.02,0.74,0.301,170.0,5.62,25.1,29.7,327.7,19.55,102.6
1108,97.85,1.93,1.05,0.29,4.22,0.243,127.3,23.18,36.17,57.5,352.2,18.06,110.8
1109,94.92,1.93,0.58,2.0,0.54,0.565,201.2,19.28,10.83,9.0,410.3,18.66,123.8
1110,95.33,2.96,0.63,0.42,4.65,0.108,166.9,2.45,25.21,39.5,385.7,19.36,123.4
1111,94.34,1.48,0.85,0.84,3.71,0.175,132.7,2.93,36.72,31.9,361.4,19.85,109.6
1112,97.4,0.75,0.59,0.24,3.1,0.543,169.4,14.57,39.58,36.1,312.4,19.52,93.0
1113,94.68,0.47,0.57,1.1,2.72,0.151,159.2,11.91,24.24,61.9,314.3,20.9,109.7
1114,95.85,1.92,1.06,1.8,4.87,0.317,161.2,12.67,48.29,75.6,422.1,18.51,137.2
1115,94.51,2.96,1.01,1.32,1.33,0.541,151.6,13.1,41.33,55.4,386.3,19.7,126.5
1116,94.84,1.13,0.17,0.02,4.58,0.39,121.8,6.1,4.49,27.3,330.4,19.94,113.7
1117,96.12,0.96,1.05,1.98,0.2,0.288,176.8,22.52,48.68,33.3,345.6,22.24,118.7
1118,94.6,1.18,0.9,0.22,1.74,0.338,131.5,15.86,8.82,68.0,278.7,16.94,94.4
1119,95.87,1.66,1.39,0.94,2.51,0.448,163.8,7.32,12.02,17.8,359.4,18.12,120.9
1120,96.48,1.23,0.6,0.7,1.06,0.394,168.6,19.04,24.83,36.2,310.7,21.25,102.2
1121,98.72,0.23,1.27,1.89,0.87,0.382,155.0,22.88,48.15,66.3,290.5,20.76,79.7
1122,94.65,1.36,0.16,1.11,0.03,0.384,127.9,8.89,28.12,35.3,281.9,20.53,103.4
1123,98.38,1.21,0.25,0.88,3.63,0.178,123.3,5.79,18.95,42.2,319.3,21.28,103.6
1124,95.24,2.55,0.52,1.53,1.32,0.14,132.9,18.92,47.93,70.2,338.3,19.59,108.7
1125,98.31,0.66,0.98,1.9,0.28,0.368,164.9,5.21,40.13,56.6,293.1,22.65,85.6
1126,94.94,2.98,0.45,1.61,4.58,0.09,160.0,15.47,8.04,41.2,443.7,16.13,137.6
1127,96.78,0.57,1.06,0.93,3.0,0.213,217.6,18.78,11.35,8.2,368.9,17.89,111.6
1128,95.95,0.39,1.16,0.72,4.01,0.231,138.8,11.13,2.57,63.2,307.7,19.45,90.8
1129,98.94,2.45,0.28,0.12,4.93,0.493,196.1,16.76,37.84,75.6,386.3,17.4,114.9
1130,98.7,0.82,0.45,1.2,1.93,0.357,126.3,12.94,34.77,59.3,290.8,19.11,91.0
1131,98.37,0.46,0.74,0.11,0.81,0.533,212.1,11.87,46.9,26.6,291.6,18.22,102.2
1132,97.25,1.64,0.5,0.42,4.13,0.427,182.1,19.98,2.85,,381.3,17.89,114.2
1133,94.87,2.49,1.09,1.3,3.44,0.24,203.9,21.5,19.83,9.4,462.7,16.65,142.4
1134,94.64,0.91,1.46,1.32,1.09,0.28,162.1,22.91,1.58,12.6,343.4,17.72,107.2
1135,98.54,0.43,0.85,1.12,0.28,0.531,198.2,17.86,10.51,54.8,276.0,23.02,93.4
1136,98.4,0.33,1.39,0.6,4.98,0.316,152.9,19.7,36.85,5.0,393.5,17.99,118.0
1137,95.74,1.46,0.38,1.94,0.53,0.521,120.2,9.17,35.75,60.5,314.7,19.45,103.9
1138,94.29,0.69,0.55,1.35,2.0,0.29,171.3,21.33,37.07,36.0,352.6,18.35,111.6
1139,98.55,2.57,1.27,0.93,0.22,0.138,173.2,11.16,7.48,26.9,342.3,17.83,108.1
1140,98.93,2.04,0.23,1.77,1.21,0.293,139.8,20.76,34.33,11.1,384.7,16.42,128.1
1141,96.24,2.04,0.49,0.63,3.7,0.236,165.6,17.83,29.45,43.1,361.5,16.91,123.8
1142,94.28,2.48,1.16,0.59,2.2,0.251,213.4,4.72,30.44,67.8,347.7,14.24,110.8
1143,96.17,2.34,0.88,0.26,4.1,0.309,213.6,7.85,44.89,48.4,376.7,19.49,122.7
1144,97.25,1.47,1.28,1.64,2.8,0.255,128.6,2.33,18.86,34.8,335.2,21.57,111.5
1145,98.01,2.9,0.82,0.2,0.51,0.315,169.8,4.05,10.18,46.4,352.3,17.45,110.9
1146,95.62,2.02,1.27,0.94,1.76,0.106,143.4,9.13,30.63,19.4,368.8,18.66,123.3
1147,95.3,1.4,1.49,1.64,4.25,0.462,194.4,3.13,10.91,51.7,360.2,20.23,121.6
1148,94.95,2.07,0.3,0.12,0.65,0.23,159.8,9.2,23.5,50.7,310.7,19.71,91.4
1149,97.45,0.48,0.17,0.11,2.63,0.22,122.1,14.75,31.84,34.9,274.3,20.28,100.9
1150,98.51,2.61,1.42,0.12,3.55,0.32,196.8,17.17,31.0,20.0,426.5,15.56,139.9
1151,98.34,0.23,0.89,1.6,4.13,0.39,184.7,23.0,1.75,59.1,331.3,19.77,109.2
1152,96.84,0.99,1.02,1.75,2.9,0.093,151.3,7.82,43.84,21.6,371.3,16.19,112.0
1153,96.34,0.98,0.93,0.79,2.43,0.06,204.7,15.72,15.59,13.3,343.5,22.34,114.2
1154,97.12,2.17,1.33,0.25,2.35,0.581,125.4,7.45,2.17,11.1,346.1,18.54,116.2
1155,98.77,1.56,0.66,1.98,4.56,0.095,155.5,21.05,27.06,6.4,460.0,17.63,135.3
1156,97.93,0.91,0.32,0.54,1.02,0.235,153.6,4.47,24.32,41.8,266.6,22.74,91.0
1157,95.46,0.97,0.64,0.35,1.0,0.099,211.2,5.3,10.33,37.2,297.9,20.46,94.1
1158,94.56,0.45,0.24,1.56,4.31,0.549,195.2,12.6,26.72,29.6,359.4,19.8,119.1
1159,98.08,1.62,0.57,0.84,2.03,0.446,167.7,13.98,28.2,74.5,331.1,17.12,100.3
1160,96.9,0.83,0.96,1.99,0.09,0.138,154.6,12.92,23.34,41.1,292.5,19.47,91.2
1161,98.47,1.98,1.25,1.14,1.38,0.6,135.0,16.51,5.92,14.2,353.9,18.19,114.6
1162,98.83,2.02,1.45,0.19,2.74,0.402,153.9,23.15,15.02,43.0,354.9,16.67,112.8
1163,96.25,0.38,0.71,0.76,2.25,0.234,189.4,19.42,30.9,7.5,358.1,19.93,112.2
1164,95.68,1.03,0.18,1.51,2.03,0.396,143.3,17.2,35.55,28.2,331.9,20.67,102.3
1165,96.11,2.42,0.41,0.99,4.58,0.194,200.1,18.46,40.02,16.1,448.9,17.41,146.2
1166,97.54,0.93,0.87,0.25,1.34,0.081,192.0,22.8,9.42,33.9,316.1,17.38,110.2
1167,96.61,0.67,0.91,1.92,0.74,0.079,135.9,23.87,12.32,10.0,328.9,16.94,100.3
1168,97.79,1.93,0.75,0.39,3.89,0.185,153.8,15.4,27.37,40.8,385.1,18.74,115.6
1169,98.93,0.56,1.2,0.66,3.99,0.583,171.5,22.53,12.37,,356.2,19.94,109.3
1170,96.64,2.41,1.19,1.37,2.36,0.443,171.8,22.34,49.16,15.4,414.9,16.1,125.6
1171,98.81,2.07,0.84,0.61,1.05,0.246,212.0,19.42,36.06,9.6,376.2,16.6,120.7
1172,97.9,1.06,0.37,0.0,0.25,0.595,137.1,17.79,15.75,38.6,270.1,20.02,82.9
1173,94.76,0.53,0.72,0.12,1.7,0.204,207.9,22.0,44.13,36.1,313.3,20.77,91.1
1174,97.82,0.43,1.23,0.39,0.47,0.388,137.2,16.27,37.25,24.0,264.0,22.89,92.3
1175,97.94,2.4,0.51,0.37,3.2,0.208,123.9,10.84,32.06,68.6,348.2,16.25,121.4
1176,95.86,0.56,0.9,1.5,3.83,0.463,192.5,5.09,24.08,20.5,342.8,19.42,119.1
1177,98.55,1.99,1.46,1.93,2.38,0.474,175.4,16.04,13.8,76.6,386.9,19.31,120.5
1178,94.42,2.8,0.66,0.31,2.52,0.476,186.7,22.76,33.3,19.0,406.0,18.18,131.4
1179,97.95,2.68,0.66,1.17,2.72,0.427,131.8,22.97,49.22,6.3,458.8,16.86,149.9
1180,97.26,2.19,0.99,0.43,4.16,0.42,184.5,20.56,37.16,28.1,415.9,17.62,148.1
1181,96.66,0.56,0.7,0.11,1.05,0.549,180.6,4.36,38.88,42.2,272.2,20.02,87.0
1182,94.6,0.84,0.51,0.89,4.81,0.347,214.2,14.26,24.01,20.7,386.0,20.72,127.4
1183,98.94,2.86,1.27,0.82,2.08,0.327,172.1,22.2,1.69,66.9,377.0,19.37,128.7
1184,97.66,0.69,0.47,0.48,1.29,0.083,168.6,3.1,15.54,23.0,267.4,24.58,82.3
1185,97.89,0.3,1.02,1.87,1.93,0.513,127.2,22.24,40.69,46.5,288.6,19.34,100.1
1186,94.85,0.84,1.26,0.3,3.7,0.246,164.2,14.93,35.07,14.1,364.4,20.06,117.1
1187,98.48,0.65,0.29,1.67,3.69,0.113,173.2,11.34,23.65,49.6,307.9,22.33,93.6
1188,95.12,1.58,1.47,0.51,3.55,0.274,122.9,3.67,47.07,20.2,375.5,18.51,111.4
1189,96.78,2.81,0.68,0.15,3.29,0.352,219.9,11.88,24.59,31.0,404.0,18.4,141.4
1190,98.15,0.77,0.65,1.13,3.42,0.562,178.6,13.84,12.54,62.9,335.1,19.9,109.1
1191,96.88,2.72,0.19,0.08,1.13,0.42,201.1,12.82,12.47,55.4,331.2,19.53,106.0
1192,97.88,1.55,1.45,0.8,1.91,0.573,211.4,4.53,8.93,33.1,313.2,22.08,94.4
1193,94.78,2.64,1.25,0.97,0.17,0.289,145.0,9.4,22.34,21.5,360.6,19.58,113.5
1194,94.59,0.72,0.94,0.16,0.2,0.324,173.9,8.83,28.57,58.6,231.5,23.06,76.8
1195,94.64,0.96,0.32,0.1,4.11,0.4,136.2,2.7,25.66,11.5,343.8,17.68,96.0
1196,94.43,2.5,1.46,1.83,3.88,0.089,132.6,21.6,19.25,,480.4,15.47,156.9
1197,98.33,1.78,1.42,0.78,1.52,0.34,124.5,6.5,22.09,67.2,293.2,21.18,90.5
1198,97.68,2.33,1.27,1.37,2.99,0.49,156.4,3.67,8.5,,359.3,20.26,118.9
1199,95.14,2.93,1.23,0.75,0.25,0.491,126.8,13.82,7.78,61.3,309.9,17.9,100.4
1200,95.6,0.39,0.83,0.3,4.88,0.083,152.0,17.11,24.35,72.6,310.5,18.98,104.2
1201,94.82,1.82,1.23,0.56,2.73,0.303,202.2,7.38,35.89,77.9,355.3,16.97,113.1
1202,96.26,1.78,0.95,1.09,2.91,0.099,184.2,4.7,5.06,73.3,345.1,18.65,101.0
1203,95.17,1.28,1.19,1.76,1.18,0.288,130.8,17.18,11.54,34.9,321.6,18.01,87.4
1204,98.21,0.46,0.95,1.9,0.17,0.099,146.1,23.16,12.87,61.7,291.5,22.18,93.0
1205,94.64,1.92,0.81,1.16,4.83,0.077,212.4,22.74,43.86,66.3,437.8,17.25,144.1
1206,95.82,0.72,0.12,1.08,2.22,0.345,205.5,14.72,9.19,48.6,291.8,19.11,93.1
1207,94.51,2.43,0.5,1.99,2.05,0.333,218.4,13.25,44.86,52.1,381.5,18.41,125.7
1208,96.05,2.25,0.94,1.2,0.05,0.122,173.6,10.14,46.19,57.7,348.1,19.5,105.0
1209,95.94,1.19,0.31,1.15,3.08,0.086,193.6,2.43,29.82,23.9,341.5,19.26,96.3
1210,95.75,1.15,1.13,1.97,2.67,0.539,202.9,6.72,19.16,14.1,357.3,21.28,105.2
1211,95.43,0.78,0.82,0.25,1.45,0.346,184.3,11.2,34.38,55.6,288.4,22.43,99.3
1212,94.43,2.62,1.18,1.69,0.2,0.221,186.9,14.61,3.04,79.2,361.3,20.51,114.0
1213,94.94,0.61,1.02,1.86,0.11,0.17,179.3,12.86,42.5,59.8,281.1,22.32,95.1
1214,95.37,2.99,1.48,1.89,0.77,0.509,162.5,5.61,42.49,13.6,392.9,18.44,130.4
1215,95.73,1.41,0.89,0.12,2.3,0.328,215.9,18.26,41.15,77.0,319.5,20.12,94.2
